team,hero,win_rate,tier,result,Offense,Durability,Difficulty,Crowd_Control,Rank
ONIC,Cici,53.74,SS,win,High,Medium,Medium,High,S
ONIC,Joy,50.01,B,win,High,Medium,High,Low,S
ONIC,Pharsa,48.95,C,win,High,Low,Medium,Medium,B
ONIC,Claude,46.95,D,win,High,Low,High,Low,C
ONIC,Hylos,46.92,D,win,Low,High,Low,High,C
DEWA,Esmeralda,45.4,C,lose,Medium,High,High,Medium,D
DEWA,Lancelot,47.15,SS,lose,High,Low,High,Low,S
DEWA,Helcurt,51.44,A,lose,High,Low,Medium,Medium,A
DEWA,Harith,47.1,D,lose,High,Low,High,Low,C
DEWA,Gatotkaca,50.54,C,lose,Medium,High,Low,High,C
ONIC,Cici,53.74,SS,win,High,Medium,Medium,High,S
ONIC,Lancelot,47.15,SS,win,High,Low,High,Low,S
ONIC,Pharsa,48.95,C,win,High,Low,Medium,Medium,B
ONIC,Granger,46.27,A,win,High,Medium,Medium,Low,A
ONIC,Gatotkaca,50.54,C,win,Medium,High,Low,High,C
DEWA,Esmeralda,45.4,C,lose,Medium,High,High,Medium,D
DEWA,Joy,50.01,B,lose,High,Medium,High,Low,S
DEWA,Kagura,50.03,C,lose,Medium,Medium,Medium,Medium,C
DEWA,Kalea,47.96,B,lose,Medium,Medium,Medium,Medium,C
DEWA,Beatrix,48.52,D,lose,Medium,Medium,Medium,Medium,C
NAVI,Uranus,50.52,C,lose,Low,High,Low,Low,C
NAVI,Fanny,42.7,B,lose,High,Low,High,Low,D
NAVI,Pharsa,48.95,C,lose,High,Low,Medium,Medium,B
NAVI,Moskov,50.81,C,lose,Medium,Medium,Medium,Medium,C
NAVI,Gatotkaca,50.54,C,lose,Medium,High,Low,High,C
EVOS,Cici,53.74,SS,win,High,Medium,Medium,High,S
EVOS,Baxia,50.27,C,win,Low,High,Medium,High,B
EVOS,Valentina,44.61,D,win,High,Low,High,Low,D
EVOS,Granger,46.27,A,win,High,Medium,Medium,Low,A
EVOS,Franco,46.36,A,win,Low,High,Medium,High,A
NAVI,Paquito,45.19,D,lose,Medium,Medium,Medium,Medium,C
NAVI,Baxia,50.27,C,lose,Low,High,Medium,High,B
NAVI,Pharsa,48.95,C,lose,High,Low,Medium,Medium,B
NAVI,Granger,46.27,A,lose,High,Medium,Medium,Low,A
NAVI,Badang,50.07,C,lose,Medium,Medium,Medium,Medium,C
EVOS,Cici,53.74,SS,win,High,Medium,Medium,High,S
EVOS,Fredrinn,53.23,S,win,Medium,High,Medium,Medium,A
EVOS,Lylia,46.99,D,win,High,Low,High,Medium,D
EVOS,Harith,47.1,D,win,High,Low,High,Low,C
EVOS,Gatotkaca,50.54,C,win,Medium,High,Low,High,C
TLID,Phoveus,51.11,B,lose,Medium,High,Medium,Medium,B
TLID,Fanny,42.7,B,lose,High,Low,High,Low,D
TLID,Kimmy,52.06,B,lose,High,Low,Medium,Low,A
TLID,Claude,46.95,D,lose,High,Low,High,Low,C
TLID,Baxia,50.27,C,lose,Low,High,Medium,High,B
GEEK,Gloo,54.08,SS,win,Medium,High,Medium,High,S
GEEK,Hayabusa,51.17,SS,win,High,Low,High,Low,S
GEEK,Pharsa,48.95,C,win,High,Low,Medium,Medium,B
GEEK,Moskov,50.81,C,win,Medium,Medium,Medium,Medium,C
GEEK,Chou,44.18,D,win,Medium,Medium,High,High,D
TLID,Ruby,53.1,B,lose,Medium,High,Medium,High,B
TLID,Fanny,42.7,B,lose,High,Low,High,Low,D
TLID,Kimmy,52.06,B,lose,High,Low,Medium,Low,A
TLID,Claude,46.95,D,lose,High,Low,High,Low,C
TLID,Baxia,50.27,C,lose,Low,High,Medium,High,B
GEEK,Cici,53.74,SS,win,High,Medium,Medium,High,S
GEEK,Yi Sun-shin,49.98,SS,win,High,Medium,High,Medium,S
GEEK,Valentina,44.61,D,win,High,Low,High,Low,D
GEEK,Granger,46.27,A,win,High,Medium,Medium,Low,A
GEEK,Hylos,46.92,D,win,Low,High,Low,High,C
TLID,Arlott,48.03,A,lose,Medium,High,Medium,High,A
TLID,Hayabusa,51.17,SS,lose,High,Low,High,Low,S
TLID,Zhuxin,50.23,B,lose,Medium,Medium,High,Medium,B
TLID,Harith,47.1,D,lose,High,Low,High,Low,C
TLID,Baxia,50.27,C,lose,Low,High,Medium,High,B
GEEK,Gloo,54.08,SS,win,Medium,High,Medium,High,S
GEEK,Suyou,47.82,C,win,Medium,Medium,Medium,Medium,C
GEEK,Pharsa,48.95,C,win,High,Low,Medium,Medium,B
GEEK,Granger,46.27,A,win,High,Medium,Medium,Low,A
GEEK,Gatotkaca,50.54,C,win,Medium,High,Low,High,C
ONIC,Phoveus,51.11,B,win,Medium,High,Medium,Medium,B
ONIC,Lancelot,47.15,SS,win,High,Low,High,Low,S
ONIC,Yve,53.65,C,win,High,Low,Medium,High,A
ONIC,Granger,46.27,A,win,High,Medium,Medium,Low,A
ONIC,Gatotkaca,50.54,C,win,Medium,High,Low,High,C
BTR,Hylos,46.92,D,lose,Low,High,Low,High,C
BTR,Baxia,50.27,C,lose,Low,High,Medium,High,B
BTR,Kimmy,52.06,B,lose,High,Low,Medium,Low,A
BTR,Bruno,50.05,D,lose,High,Low,Medium,Low,C
BTR,Mathilda,46.13,D,lose,Medium,Medium,Medium,Medium,C
ONIC,Phoveus,51.11,B,win,Medium,High,Medium,Medium,B
ONIC,Lancelot,47.15,SS,win,High,Low,High,Low,S
ONIC,Pharsa,48.95,C,win,High,Low,Medium,Medium,B
ONIC,Bruno,50.05,D,win,High,Low,Medium,Low,C
ONIC,Gatotkaca,50.54,C,win,Medium,High,Low,High,C
BTR,Benedetta,49.54,C,lose,Medium,Medium,Medium,Medium,C
BTR,Baxia,50.27,C,lose,Low,High,Medium,High,B
BTR,Zhuxin,50.23,B,lose,Medium,Medium,High,Medium,B
BTR,Granger,46.27,A,lose,High,Medium,Medium,Low,A
BTR,Kalea,47.96,B,lose,Medium,Medium,Medium,Medium,C
RRQ,Arlott,48.03,A,win,Medium,High,Medium,High,A
RRQ,Lancelot,47.15,SS,win,High,Low,High,Low,S
RRQ,Pharsa,48.95,C,win,High,Low,Medium,Medium,B
RRQ,Moskov,50.81,C,win,Medium,Medium,Medium,Medium,C
RRQ,Kaja,53.32,C,win,Medium,Medium,Medium,Medium,C
AE,Uranus,50.52,C,lose,Low,High,Low,Low,C
AE,Fanny,42.7,B,lose,High,Low,High,Low,D
AE,Zhuxin,50.23,B,lose,Medium,Medium,High,Medium,B
AE,Harith,47.1,D,lose,High,Low,High,Low,C
AE,Khaleed,50.8,C,lose,High,Medium,Medium,Low,C
RRQ,Esmeralda,45.4,C,win,Medium,High,High,Medium,D
RRQ,Hayabusa,51.17,SS,win,High,Low,High,Low,S
RRQ,Pharsa,48.95,C,win,High,Low,Medium,Medium,B
RRQ,Harith,47.1,D,win,High,Low,High,Low,C
RRQ,Kalea,47.96,B,win,Medium,Medium,Medium,Medium,C
AE,Lapu-Lapu,50.62,A,lose,High,Medium,Medium,Medium,B
AE,Lancelot,47.15,SS,lose,High,Low,High,Low,S
AE,Zhuxin,50.23,B,lose,Medium,Medium,High,Medium,B
AE,Claude,46.95,D,lose,High,Low,High,Low,C
AE,Hilda,52.86,S,lose,Medium,Medium,Medium,Medium,C
RRQ,Chou,44.18,D,win,Medium,Medium,High,High,D
RRQ,Hayabusa,51.17,SS,win,High,Low,High,Low,S
RRQ,Kimmy,52.06,B,win,High,Low,Medium,Low,A
RRQ,Claude,46.95,D,win,High,Low,High,Low,C
RRQ,Gatotkaca,50.54,C,win,Medium,High,Low,High,C
AE,Ruby,53.1,B,lose,Medium,High,Medium,High,B
AE,Lancelot,47.15,SS,lose,High,Low,High,Low,S
AE,Zhuxin,50.23,B,lose,Medium,Medium,High,Medium,B
AE,Granger,46.27,A,lose,High,Medium,Medium,Low,A
AE,Kalea,47.96,B,lose,Medium,Medium,Medium,Medium,C
BTR,Gatotkaca,50.54,C,lose,Medium,High,Low,High,C
BTR,Joy,50.01,B,lose,High,Medium,High,Low,S
BTR,Valentina,44.61,D,lose,High,Low,High,Low,D
BTR,Granger,46.27,A,lose,High,Medium,Medium,Low,A
BTR,Kalea,47.96,B,lose,Medium,Medium,Medium,Medium,C
NAVI,Phoveus,51.11,B,win,Medium,High,Medium,Medium,B
NAVI,Baxia,50.27,C,win,Low,High,Medium,High,B
NAVI,Kimmy,52.06,B,win,High,Low,Medium,Low,A
NAVI,Wanwan,49.53,C,win,Medium,Medium,Medium,Medium,C
NAVI,Badang,50.07,C,win,Medium,Medium,Medium,Medium,C
BTR,Benedetta,49.54,C,lose,Medium,Medium,Medium,Medium,C
BTR,Baxia,50.27,C,lose,Low,High,Medium,High,B
BTR,Pharsa,48.95,C,lose,High,Low,Medium,Medium,B
BTR,Moskov,50.81,C,lose,Medium,Medium,Medium,Medium,C
BTR,Hylos,46.92,D,lose,Low,High,Low,High,C
NAVI,Lapu-Lapu,50.62,A,win,High,Medium,Medium,Medium,B
NAVI,Fredrinn,53.23,S,win,Medium,High,Medium,Medium,A
NAVI,Valentina,44.61,D,win,High,Low,High,Low,D
NAVI,Wanwan,49.53,C,win,Medium,Medium,Medium,Medium,C
NAVI,Kalea,47.96,B,win,Medium,Medium,Medium,Medium,C
BTR,Arlott,48.03,A,lose,Medium,High,Medium,High,A
BTR,Akai,48.93,C,lose,Medium,Medium,Medium,Medium,C
BTR,Valentina,44.61,D,lose,High,Low,High,Low,D
BTR,Harith,47.1,D,lose,High,Low,High,Low,C
BTR,Gatotkaca,50.54,C,lose,Medium,High,Low,High,C
NAVI,Masha,56.26,C,win,Medium,Medium,Medium,Medium,C
NAVI,Baxia,50.27,C,win,Low,High,Medium,High,B
NAVI,Pharsa,48.95,C,win,High,Low,Medium,Medium,B
NAVI,Granger,46.27,A,win,High,Medium,Medium,Low,A
NAVI,Hylos,46.92,D,win,Low,High,Low,High,C
GEEK,Arlott,48.03,A,win,Medium,High,Medium,High,A
GEEK,Lancelot,47.15,SS,win,High,Low,High,Low,S
GEEK,Valentina,44.61,D,win,High,Low,High,Low,D
GEEK,Moskov,50.81,C,win,Medium,Medium,Medium,Medium,C
GEEK,Badang,50.07,C,win,Medium,Medium,Medium,Medium,C
RRQ,Cici,53.74,SS,lose,High,Medium,Medium,High,S
RRQ,Fanny,42.7,B,lose,High,Low,High,Low,D
RRQ,Pharsa,48.95,C,lose,High,Low,Medium,Medium,B
RRQ,Kimmy,52.06,B,lose,High,Low,Medium,Low,A
RRQ,Hylos,46.92,D,lose,Low,High,Low,High,C
GEEK,Cici,53.74,SS,win,High,Medium,Medium,High,S
GEEK,Baxia,50.27,C,win,Low,High,Medium,High,B
GEEK,Pharsa,48.95,C,win,High,Low,Medium,Medium,B
GEEK,Sun,52.69,B,win,Medium,Medium,Medium,Medium,C
GEEK,Helcurt,51.44,A,win,High,Low,Medium,Medium,A
RRQ,Gatotkaca,50.54,C,lose,Medium,High,Low,High,C
RRQ,Hayabusa,51.17,SS,lose,High,Low,High,Low,S
RRQ,Kimmy,52.06,B,lose,High,Low,Medium,Low,A
RRQ,Lapu-Lapu,50.62,A,lose,High,Medium,Medium,Medium,B
RRQ,Chou,44.18,D,lose,Medium,Medium,High,High,D
AE,Arlott,48.03,A,win,Medium,High,Medium,High,A
AE,Lancelot,47.15,SS,win,High,Low,High,Low,S
AE,Yve,53.65,C,win,High,Low,Medium,High,A
AE,Harith,47.1,D,win,High,Low,High,Low,C
AE,Gatotkaca,50.54,C,win,Medium,High,Low,High,C
DEWA,Cici,53.74,SS,lose,High,Medium,Medium,High,S
DEWA,Joy,50.01,B,lose,High,Medium,High,Low,S
DEWA,Zhuxin,50.23,B,lose,Medium,Medium,High,Medium,B
DEWA,Beatrix,48.52,D,lose,Medium,Medium,Medium,Medium,C
DEWA,Chou,44.18,D,lose,Medium,Medium,High,High,D
AE,Arlott,48.03,A,win,Medium,High,Medium,High,A
AE,Baxia,50.27,C,win,Low,High,Medium,High,B
AE,Valentina,44.61,D,win,High,Low,High,Low,D
AE,Granger,46.27,A,win,High,Medium,Medium,Low,A
AE,Kalea,47.96,B,win,Medium,Medium,Medium,Medium,C
DEWA,Uranus,50.52,C,lose,Low,High,Low,Low,C
DEWA,Yi Sun-shin,49.98,SS,lose,High,Medium,High,Medium,S
DEWA,Selena,44.99,D,lose,Medium,Medium,Medium,Medium,C
DEWA,Bruno,50.05,D,lose,High,Low,Medium,Low,C
DEWA,Gatotkaca,50.54,C,lose,Medium,High,Low,High,C
ONIC,Phoveus,51.11,B,win,Medium,High,Medium,Medium,B
ONIC,Joy,50.01,B,win,High,Medium,High,Low,S
ONIC,Zhuxin,50.23,B,win,Medium,Medium,High,Medium,B
ONIC,Claude,46.95,D,win,High,Low,High,Low,C
ONIC,Gatotkaca,50.54,C,win,Medium,High,Low,High,C
GEEK,Gloo,54.08,SS,lose,Medium,High,Medium,High,S
GEEK,Lancelot,47.15,SS,lose,High,Low,High,Low,S
GEEK,Kimmy,52.06,B,lose,High,Low,Medium,Low,A
GEEK,Bruno,50.05,D,lose,High,Low,Medium,Low,C
GEEK,Mathilda,46.13,D,lose,Medium,Medium,Medium,Medium,C
ONIC,Cici,53.74,SS,win,High,Medium,Medium,High,S
ONIC,Yi Sun-shin,49.98,SS,win,High,Medium,High,Medium,S
ONIC,Zhuxin,50.23,B,win,Medium,Medium,High,Medium,B
ONIC,Lunox,50.24,C,win,Medium,Medium,Medium,Medium,C
ONIC,Chou,44.18,D,win,Medium,Medium,High,High,D
GEEK,Uranus,50.52,C,lose,Low,High,Low,Low,C
GEEK,Baxia,50.27,C,lose,Low,High,Medium,High,B
GEEK,Pharsa,48.95,C,lose,High,Low,Medium,Medium,B
GEEK,Harith,47.1,D,lose,High,Low,High,Low,C
GEEK,Estes,50.77,A,lose,Medium,Medium,Medium,Medium,C
DEWA,Arlott,48.03,A,win,Medium,High,Medium,High,A
DEWA,Yi Sun-shin,49.98,SS,win,High,Medium,High,Medium,S
DEWA,Lunox,50.24,C,win,Medium,Medium,Medium,Medium,C
DEWA,Harith,47.1,D,win,High,Low,High,Low,C
DEWA,Chou,44.18,D,win,Medium,Medium,High,High,D
NAVI,Uranus,50.52,C,lose,Low,High,Low,Low,C
NAVI,Lancelot,47.15,SS,lose,High,Low,High,Low,S
NAVI,Pharsa,48.95,C,lose,High,Low,Medium,Medium,B
NAVI,Granger,46.27,A,lose,High,Medium,Medium,Low,A
NAVI,Hilda,52.86,S,lose,Medium,Medium,Medium,Medium,C
DEWA,Phoveus,51.11,B,win,Medium,High,Medium,Medium,B
DEWA,Fanny,42.7,B,win,High,Low,High,Low,D
DEWA,Yve,53.65,C,win,High,Low,Medium,High,A
DEWA,Harith,47.1,D,win,High,Low,High,Low,C
DEWA,Gatotkaca,50.54,C,win,Medium,High,Low,High,C
NAVI,Edith,50.51,D,lose,Medium,Medium,Medium,Medium,C
NAVI,Yi Sun-shin,49.98,SS,lose,High,Medium,High,Medium,S
NAVI,Zhuxin,50.23,B,lose,Medium,Medium,High,Medium,B
NAVI,Moskov,50.81,C,lose,Medium,Medium,Medium,Medium,C
NAVI,Hylos,46.92,D,lose,Low,High,Low,High,C
GEEK,Benedetta,49.54,C,lose,Medium,Medium,Medium,Medium,C
GEEK,Fredrinn,53.23,S,lose,Medium,High,Medium,Medium,A
GEEK,Pharsa,48.95,C,lose,High,Low,Medium,Medium,B
GEEK,Bruno,50.05,D,lose,High,Low,Medium,Low,C
GEEK,Estes,50.77,A,lose,Medium,Medium,Medium,Medium,C
BTR,Chou,44.18,D,win,Medium,Medium,High,High,D
BTR,Yi Sun-shin,49.98,SS,win,High,Medium,High,Medium,S
BTR,Selena,44.99,D,win,Medium,Medium,Medium,Medium,C
BTR,Irithel,54.62,B,win,Medium,Medium,Medium,Medium,C
BTR,Hylos,46.92,D,win,Low,High,Low,High,C
GEEK,Gloo,54.08,SS,lose,Medium,High,Medium,High,S
GEEK,Joy,50.01,B,lose,High,Medium,High,Low,S
GEEK,Zhuxin,50.23,B,lose,Medium,Medium,High,Medium,B
GEEK,Granger,46.27,A,lose,High,Medium,Medium,Low,A
GEEK,Kalea,47.96,B,lose,Medium,Medium,Medium,Medium,C
BTR,Badang,50.07,C,win,Medium,Medium,Medium,Medium,C
BTR,Lancelot,47.15,SS,win,High,Low,High,Low,S
BTR,Valentina,44.61,D,win,High,Low,High,Low,D
BTR,Bruno,50.05,D,win,High,Low,Medium,Low,C
BTR,Hylos,46.92,D,win,Low,High,Low,High,C
AE,Lapu-Lapu,50.62,A,win,High,Medium,Medium,Medium,B
AE,Yi Sun-shin,49.98,SS,win,High,Medium,High,Medium,S
AE,Yve,53.65,C,win,High,Low,Medium,High,A
AE,Harith,47.1,D,win,High,Low,High,Low,C
AE,Badang,50.07,C,win,Medium,Medium,Medium,Medium,C
EVOS,Esmeralda,45.4,C,lose,Medium,High,High,Medium,D
EVOS,Lancelot,47.15,SS,lose,High,Low,High,Low,S
EVOS,Zhuxin,50.23,B,lose,Medium,Medium,High,Medium,B
EVOS,Claude,46.95,D,lose,High,Low,High,Low,C
EVOS,Gloo,54.08,SS,lose,Medium,High,Medium,High,S
AE,Cici,53.74,SS,win,High,Medium,Medium,High,S
AE,Lancelot,47.15,SS,win,High,Low,High,Low,S
AE,Pharsa,48.95,C,win,High,Low,Medium,Medium,B
AE,Kimmy,52.06,B,win,High,Low,Medium,Low,A
AE,Gatotkaca,50.54,C,win,Medium,High,Low,High,C
EVOS,Paquito,45.19,D,lose,Medium,Medium,Medium,Medium,C
EVOS,Yi Sun-shin,49.98,SS,lose,High,Medium,High,Medium,S
EVOS,Valentina,44.61,D,lose,High,Low,High,Low,D
EVOS,Ruby,53.1,B,lose,Medium,High,Medium,High,B
EVOS,Khufra,48.37,D,lose,Medium,Medium,Medium,Medium,C
AE,Uranus,50.52,C,win,Low,High,Low,Low,C
AE,Yi Sun-shin,49.98,SS,win,High,Medium,High,Medium,S
AE,Zhuxin,50.23,B,win,Medium,Medium,High,Medium,B
AE,Claude,46.95,D,win,High,Low,High,Low,C
AE,Khaleed,50.8,C,win,High,Medium,Medium,Low,C
EVOS,Arlott,48.03,A,lose,Medium,High,Medium,High,A
EVOS,Lancelot,47.15,SS,lose,High,Low,High,Low,S
EVOS,Pharsa,48.95,C,lose,High,Low,Medium,Medium,B
EVOS,Harith,47.1,D,lose,High,Low,High,Low,C
EVOS,Hylos,46.92,D,lose,Low,High,Low,High,C
TLID,Lapu-Lapu,50.62,A,lose,High,Medium,Medium,Medium,B
TLID,Yi Sun-shin,49.98,SS,lose,High,Medium,High,Medium,S
TLID,Zhuxin,50.23,B,lose,Medium,Medium,High,Medium,B
TLID,Granger,46.27,A,lose,High,Medium,Medium,Low,A
TLID,Gatotkaca,50.54,C,lose,Medium,High,Low,High,C
DEWA,Phoveus,51.11,B,win,Medium,High,Medium,Medium,B
DEWA,Lancelot,47.15,SS,win,High,Low,High,Low,S
DEWA,Valentina,44.61,D,win,High,Low,High,Low,D
DEWA,Harith,47.1,D,win,High,Low,High,Low,C
DEWA,Hylos,46.92,D,win,Low,High,Low,High,C
TLID,Gloo,54.08,SS,lose,Medium,High,Medium,High,S
TLID,Yi Sun-shin,49.98,SS,lose,High,Medium,High,Medium,S
TLID,Valentina,44.61,D,lose,High,Low,High,Low,D
TLID,Moskov,50.81,C,lose,Medium,Medium,Medium,Medium,C
TLID,Gatotkaca,50.54,C,lose,Medium,High,Low,High,C
DEWA,Badang,50.07,C,win,Medium,Medium,Medium,Medium,C
DEWA,Baxia,50.27,C,win,Low,High,Medium,High,B
DEWA,Kimmy,52.06,B,win,High,Low,Medium,Low,A
DEWA,Granger,46.27,A,win,High,Medium,Medium,Low,A
DEWA,Franco,46.36,A,win,Low,High,Medium,High,A
TLID,Phoveus,51.11,B,lose,Medium,High,Medium,Medium,B
TLID,Hayabusa,51.17,SS,lose,High,Low,High,Low,S
TLID,Pharsa,48.95,C,lose,High,Low,Medium,Medium,B
TLID,Granger,46.27,A,lose,High,Medium,Medium,Low,A
TLID,Badang,50.07,C,lose,Medium,Medium,Medium,Medium,C
DEWA,Esmeralda,45.4,C,win,Medium,High,High,Medium,D
DEWA,Yi Sun-shin,49.98,SS,win,High,Medium,High,Medium,S
DEWA,Zhuxin,50.23,B,win,Medium,Medium,High,Medium,B
DEWA,Harith,47.1,D,win,High,Low,High,Low,C
DEWA,Gatotkaca,50.54,C,win,Medium,High,Low,High,C
NAVI,Lapu-Lapu,50.62,A,win,High,Medium,Medium,Medium,B
NAVI,Lancelot,47.15,SS,win,High,Low,High,Low,S
NAVI,Zhuxin,50.23,B,win,Medium,Medium,High,Medium,B
NAVI,Harith,47.1,D,win,High,Low,High,Low,C
NAVI,Khaleed,50.8,C,win,High,Medium,Medium,Low,C
AE,Cici,53.74,SS,lose,High,Medium,Medium,High,S
AE,Yi Sun-shin,49.98,SS,lose,High,Medium,High,Medium,S
AE,Valentina,44.61,D,lose,High,Low,High,Low,D
AE,Claude,46.95,D,lose,High,Low,High,Low,C
AE,Gatotkaca,50.54,C,lose,Medium,High,Low,High,C
NAVI,Arlott,48.03,A,win,Medium,High,Medium,High,A
NAVI,Yi Sun-shin,49.98,SS,win,High,Medium,High,Medium,S
NAVI,Zhuxin,50.23,B,win,Medium,Medium,High,Medium,B
NAVI,Harith,47.1,D,win,High,Low,High,Low,C
NAVI,Hylos,46.92,D,win,Low,High,Low,High,C
AE,Cici,53.74,SS,lose,High,Medium,Medium,High,S
AE,Lancelot,47.15,SS,lose,High,Low,High,Low,S
AE,Yve,53.65,C,lose,High,Low,Medium,High,A
AE,Claude,46.95,D,lose,High,Low,High,Low,C
AE,Gatotkaca,50.54,C,lose,Medium,High,Low,High,C
RRQ,Uranus,50.52,C,win,Low,High,Low,Low,C
RRQ,Guinevere,50.4,B,win,High,Medium,High,High,B
RRQ,Pharsa,48.95,C,win,High,Low,Medium,Medium,B
RRQ,Moskov,50.81,C,win,Medium,Medium,Medium,Medium,C
RRQ,Grock,49.34,SS,win,Medium,Medium,Medium,Medium,C
TLID,Lapu-Lapu,50.62,A,lose,High,Medium,Medium,Medium,B
TLID,Fredrinn,53.23,S,lose,Medium,High,Medium,Medium,A
TLID,Zhuxin,50.23,B,lose,Medium,Medium,High,Medium,B
TLID,Granger,46.27,A,lose,High,Medium,Medium,Low,A
TLID,Arlott,48.03,A,lose,Medium,High,Medium,High,A
RRQ,Esmeralda,45.4,C,win,Medium,High,High,Medium,D
RRQ,Fredrinn,53.23,S,win,Medium,High,Medium,Medium,A
RRQ,Yve,53.65,C,win,High,Low,Medium,High,A
RRQ,Irithel,54.62,B,win,Medium,Medium,Medium,Medium,C
RRQ,Kalea,47.96,B,win,Medium,Medium,Medium,Medium,C
TLID,Phoveus,51.11,B,lose,Medium,High,Medium,Medium,B
TLID,X.Borg,49.94,A,lose,Medium,Medium,Medium,Medium,C
TLID,Pharsa,48.95,C,lose,High,Low,Medium,Medium,B
TLID,Harith,47.1,D,lose,High,Low,High,Low,C
TLID,Mathilda,46.13,D,lose,Medium,Medium,Medium,Medium,C
BTR,Uranus,50.52,C,win,Low,High,Low,Low,C
BTR,Lancelot,47.15,SS,win,High,Low,High,Low,S
BTR,Pharsa,48.95,C,win,High,Low,Medium,Medium,B
BTR,Moskov,50.81,C,win,Medium,Medium,Medium,Medium,C
BTR,Hylos,46.92,D,win,Low,High,Low,High,C
EVOS,Lapu-Lapu,50.62,A,lose,High,Medium,Medium,Medium,B
EVOS,Baxia,50.27,C,lose,Low,High,Medium,High,B
EVOS,Valentina,44.61,D,lose,High,Low,High,Low,D
EVOS,Claude,46.95,D,lose,High,Low,High,Low,C
EVOS,Helcurt,51.44,A,lose,High,Low,Medium,Medium,A
BTR,Arlott,48.03,A,win,Medium,High,Medium,High,A
BTR,Yi Sun-shin,49.98,SS,win,High,Medium,High,Medium,S
BTR,Pharsa,48.95,C,win,High,Low,Medium,Medium,B
BTR,Chou,44.18,D,win,Medium,Medium,High,High,D
BTR,Hylos,46.92,D,win,Low,High,Low,High,C
EVOS,Lapu-Lapu,50.62,A,lose,High,Medium,Medium,Medium,B
EVOS,Fredrinn,53.23,S,lose,Medium,High,Medium,Medium,A
EVOS,Kadita,52.81,B,lose,Medium,Medium,Medium,Medium,C
EVOS,Wanwan,49.53,C,lose,Medium,Medium,Medium,Medium,C
EVOS,Gatotkaca,50.54,C,lose,Medium,High,Low,High,C
BTR,Hilda,52.86,S,win,Medium,Medium,Medium,Medium,C
BTR,Yi Sun-shin,49.98,SS,win,High,Medium,High,Medium,S
BTR,Pharsa,48.95,C,win,High,Low,Medium,Medium,B
BTR,Harith,47.1,D,win,High,Low,High,Low,C
BTR,Baxia,50.27,C,win,Low,High,Medium,High,B
EVOS,Uranus,50.52,C,lose,Low,High,Low,Low,C
EVOS,Lancelot,47.15,SS,lose,High,Low,High,Low,S
EVOS,Valentina,44.61,D,lose,High,Low,High,Low,D
EVOS,Claude,46.95,D,lose,High,Low,High,Low,C
EVOS,Gloo,54.08,SS,lose,Medium,High,Medium,High,S
NAVI,Lapu-Lapu,50.62,A,lose,High,Medium,Medium,Medium,B
NAVI,Lancelot,47.15,SS,lose,High,Low,High,Low,S
NAVI,Kimmy,52.06,B,lose,High,Low,Medium,Low,A
NAVI,Harith,47.1,D,lose,High,Low,High,Low,C
NAVI,Hylos,46.92,D,lose,Low,High,Low,High,C
RRQ,Cici,53.74,SS,win,High,Medium,Medium,High,S
RRQ,Hayabusa,51.17,SS,win,High,Low,High,Low,S
RRQ,Pharsa,48.95,C,win,High,Low,Medium,Medium,B
RRQ,Moskov,50.81,C,win,Medium,Medium,Medium,Medium,C
RRQ,Gatotkaca,50.54,C,win,Medium,High,Low,High,C
NAVI,Cici,53.74,SS,lose,High,Medium,Medium,High,S
NAVI,Joy,50.01,B,lose,High,Medium,High,Low,S
NAVI,Selena,44.99,D,lose,Medium,Medium,Medium,Medium,C
NAVI,Granger,46.27,A,lose,High,Medium,Medium,Low,A
NAVI,Gatotkaca,50.54,C,lose,Medium,High,Low,High,C
RRQ,Arlott,48.03,A,win,Medium,High,Medium,High,A
RRQ,Lancelot,47.15,SS,win,High,Low,High,Low,S
RRQ,Pharsa,48.95,C,win,High,Low,Medium,Medium,B
RRQ,Harith,47.1,D,win,High,Low,High,Low,C
RRQ,Tigreal,43.73,C,win,Medium,Medium,Medium,Medium,C
EVOS,Cici,53.74,SS,win,High,Medium,Medium,High,S
EVOS,Yi Sun-shin,49.98,SS,win,High,Medium,High,Medium,S
EVOS,Valentina,44.61,D,win,High,Low,High,Low,D
EVOS,Granger,46.27,A,win,High,Medium,Medium,Low,A
EVOS,Kalea,47.96,B,win,Medium,Medium,Medium,Medium,C
TLID,Paquito,45.19,D,lose,Medium,Medium,Medium,Medium,C
TLID,Joy,50.01,B,lose,High,Medium,High,Low,S
TLID,Pharsa,48.95,C,lose,High,Low,Medium,Medium,B
TLID,Harith,47.1,D,lose,High,Low,High,Low,C
TLID,Gatotkaca,50.54,C,lose,Medium,High,Low,High,C
EVOS,Lapu-Lapu,50.62,A,win,High,Medium,Medium,Medium,B
EVOS,Hayabusa,51.17,SS,win,High,Low,High,Low,S
EVOS,Pharsa,48.95,C,win,High,Low,Medium,Medium,B
EVOS,Harith,47.1,D,win,High,Low,High,Low,C
EVOS,Baxia,50.27,C,win,Low,High,Medium,High,B
TLID,Gloo,54.08,SS,lose,Medium,High,Medium,High,S
TLID,Yi Sun-shin,49.98,SS,lose,High,Medium,High,Medium,S
TLID,Selena,44.99,D,lose,Medium,Medium,Medium,Medium,C
TLID,Claude,46.95,D,lose,High,Low,High,Low,C
TLID,Gatotkaca,50.54,C,lose,Medium,High,Low,High,C
EVOS,Uranus,50.52,C,win,Low,High,Low,Low,C
EVOS,Hayabusa,51.17,SS,win,High,Low,High,Low,S
EVOS,Yve,53.65,C,win,High,Low,Medium,High,A
EVOS,Beatrix,48.52,D,win,Medium,Medium,Medium,Medium,C
EVOS,Kalea,47.96,B,win,Medium,Medium,Medium,Medium,C
GEEK,Hilda,52.86,S,lose,Medium,Medium,Medium,Medium,C
GEEK,Baxia,50.27,C,lose,Low,High,Medium,High,B
GEEK,Zhuxin,50.23,B,lose,Medium,Medium,High,Medium,B
GEEK,Moskov,50.81,C,lose,Medium,Medium,Medium,Medium,C
GEEK,Hylos,46.92,D,lose,Low,High,Low,High,C
EVOS,Arlott,48.03,A,win,Medium,High,Medium,High,A
EVOS,Yi Sun-shin,49.98,SS,win,High,Medium,High,Medium,S
EVOS,Zhuxin,50.23,B,win,Medium,Medium,High,Medium,B
EVOS,Granger,46.27,A,win,High,Medium,Medium,Low,A
EVOS,Baxia,50.27,C,win,Low,High,Medium,High,B
GEEK,Phoveus,51.11,B,lose,Medium,High,Medium,Medium,B
GEEK,Joy,50.01,B,lose,High,Medium,High,Low,S
GEEK,Pharsa,48.95,C,lose,High,Low,Medium,Medium,B
GEEK,Sun,52.69,B,lose,Medium,Medium,Medium,Medium,C
GEEK,Gatotkaca,50.54,C,lose,Medium,High,Low,High,C
BTR,Arlott,48.03,A,win,Medium,High,Medium,High,A
BTR,Lancelot,47.15,SS,win,High,Low,High,Low,S
BTR,Pharsa,48.95,C,win,High,Low,Medium,Medium,B
BTR,Moskov,50.81,C,win,Medium,Medium,Medium,Medium,C
BTR,Grock,49.34,SS,win,Medium,Medium,Medium,Medium,C
AE,Uranus,50.52,C,lose,Low,High,Low,Low,C
AE,Yi Sun-shin,49.98,SS,lose,High,Medium,High,Medium,S
AE,Kagura,50.03,C,lose,Medium,Medium,Medium,Medium,C
AE,Hanabi,50.09,C,lose,Medium,Medium,Medium,Medium,C
AE,Hilda,52.86,S,lose,Medium,Medium,Medium,Medium,C
BTR,Hilda,52.86,S,win,Medium,Medium,Medium,Medium,C
BTR,Lancelot,47.15,SS,win,High,Low,High,Low,S
BTR,Pharsa,48.95,C,win,High,Low,Medium,Medium,B
BTR,Harith,47.1,D,win,High,Low,High,Low,C
BTR,Chou,44.18,D,win,Medium,Medium,High,High,D
AE,Arlott,48.03,A,lose,Medium,High,Medium,High,A
AE,Yi Sun-shin,49.98,SS,lose,High,Medium,High,Medium,S
AE,Luo Yi,47.06,D,lose,Medium,Medium,Medium,Medium,C
AE,Granger,46.27,A,lose,High,Medium,Medium,Low,A
AE,Hylos,46.92,D,lose,Low,High,Low,High,C
BTR,Chou,44.18,D,win,Medium,Medium,High,High,D
BTR,Joy,50.01,B,win,High,Medium,High,Low,S
BTR,Zhuxin,50.23,B,win,Medium,Medium,High,Medium,B
BTR,Claude,46.95,D,win,High,Low,High,Low,C
BTR,Gatotkaca,50.54,C,win,Medium,High,Low,High,C
AE,Uranus,50.52,C,lose,Low,High,Low,Low,C
AE,Lancelot,47.15,SS,lose,High,Low,High,Low,S
AE,Yve,53.65,C,lose,High,Low,Medium,High,A
AE,Granger,46.27,A,lose,High,Medium,Medium,Low,A
AE,Grock,49.34,SS,lose,Medium,Medium,Medium,Medium,C
RRQ,Uranus,50.52,C,lose,Low,High,Low,Low,C
RRQ,Fanny,42.7,B,lose,High,Low,High,Low,D
RRQ,Pharsa,48.95,C,lose,High,Low,Medium,Medium,B
RRQ,Natan,52.23,A,lose,Medium,Medium,Medium,Medium,C
RRQ,Grock,49.34,SS,lose,Medium,Medium,Medium,Medium,C
ONIC,Arlott,48.03,A,win,Medium,High,Medium,High,A
ONIC,Lancelot,47.15,SS,win,High,Low,High,Low,S
ONIC,Zhuxin,50.23,B,win,Medium,Medium,High,Medium,B
ONIC,Harith,47.1,D,win,High,Low,High,Low,C
ONIC,Hylos,46.92,D,win,Low,High,Low,High,C
RRQ,Gloo,54.08,SS,lose,Medium,High,Medium,High,S
RRQ,Hayabusa,51.17,SS,lose,High,Low,High,Low,S
RRQ,Yve,53.65,C,lose,High,Low,Medium,High,A
RRQ,Moskov,50.81,C,lose,Medium,Medium,Medium,Medium,C
RRQ,Kalea,47.96,B,lose,Medium,Medium,Medium,Medium,C
ONIC,Phoveus,51.11,B,win,Medium,High,Medium,Medium,B
ONIC,Yi Sun-shin,49.98,SS,win,High,Medium,High,Medium,S
ONIC,Pharsa,48.95,C,win,High,Low,Medium,Medium,B
ONIC,Harith,47.1,D,win,High,Low,High,Low,C
ONIC,Gatotkaca,50.54,C,win,Medium,High,Low,High,C
DEWA,Lapu-Lapu,50.62,A,lose,High,Medium,Medium,Medium,B
DEWA,Fanny,42.7,B,lose,High,Low,High,Low,D
DEWA,Selena,44.99,D,lose,Medium,Medium,Medium,Medium,C
DEWA,Harith,47.1,D,lose,High,Low,High,Low,C
DEWA,Gatotkaca,50.54,C,lose,Medium,High,Low,High,C
BTR,Phoveus,51.11,B,win,Medium,High,Medium,Medium,B
BTR,Lancelot,47.15,SS,win,High,Low,High,Low,S
BTR,Pharsa,48.95,C,win,High,Low,Medium,Medium,B
BTR,Granger,46.27,A,win,High,Medium,Medium,Low,A
BTR,Grock,49.34,SS,win,Medium,Medium,Medium,Medium,C
DEWA,Terizla,51.03,C,lose,Medium,Medium,Medium,Medium,C
DEWA,Hayabusa,51.17,SS,lose,High,Low,High,Low,S
DEWA,Pharsa,48.95,C,lose,High,Low,Medium,Medium,B
DEWA,Beatrix,48.52,D,lose,Medium,Medium,Medium,Medium,C
DEWA,Kalea,47.96,B,lose,Medium,Medium,Medium,Medium,C
BTR,Lapu-Lapu,50.62,A,win,High,Medium,Medium,Medium,B
BTR,Joy,50.01,B,win,High,Medium,High,Low,S
BTR,Selena,44.99,D,win,Medium,Medium,Medium,Medium,C
BTR,Moskov,50.81,C,win,Medium,Medium,Medium,Medium,C
BTR,Baxia,50.27,C,win,Low,High,Medium,High,B
DEWA,Terizla,51.03,C,lose,Medium,Medium,Medium,Medium,C
DEWA,Baxia,50.27,C,lose,Low,High,Medium,High,B
DEWA,Pharsa,48.95,C,lose,High,Low,Medium,Medium,B
DEWA,Beatrix,48.52,D,lose,Medium,Medium,Medium,Medium,C
DEWA,Kalea,47.96,B,lose,Medium,Medium,Medium,Medium,C
BTR,Phoveus,51.11,B,win,Medium,High,Medium,Medium,B
BTR,Yi Sun-shin,49.98,SS,win,High,Medium,High,Medium,S
BTR,Zhuxin,50.23,B,win,Medium,Medium,High,Medium,B
BTR,Granger,46.27,A,win,High,Medium,Medium,Low,A
BTR,Hylos,46.92,D,win,Low,High,Low,High,C
AE,Arlott,48.03,A,lose,Medium,High,Medium,High,A
AE,Baxia,50.27,C,lose,Low,High,Medium,High,B
AE,Selena,44.99,D,lose,Medium,Medium,Medium,Medium,C
AE,Harith,47.1,D,lose,High,Low,High,Low,C
AE,Gatotkaca,50.54,C,lose,Medium,High,Low,High,C
ONIC,Cici,53.74,SS,win,High,Medium,Medium,High,S
ONIC,Lancelot,47.15,SS,win,High,Low,High,Low,S
ONIC,Yve,53.65,C,win,High,Low,Medium,High,A
ONIC,Granger,46.27,A,win,High,Medium,Medium,Low,A
ONIC,Hylos,46.92,D,win,Low,High,Low,High,C
AE,Uranus,50.52,C,lose,Low,High,Low,Low,C
AE,Yi Sun-shin,49.98,SS,lose,High,Medium,High,Medium,S
AE,Zhuxin,50.23,B,lose,Medium,Medium,High,Medium,B
AE,Bruno,50.05,D,lose,High,Low,Medium,Low,C
AE,Badang,50.07,C,lose,Medium,Medium,Medium,Medium,C
ONIC,Cici,53.74,SS,win,High,Medium,Medium,High,S
ONIC,Hayabusa,51.17,SS,win,High,Low,High,Low,S
ONIC,Luo Yi,47.06,D,win,Medium,Medium,Medium,Medium,C
ONIC,Harith,47.1,D,win,High,Low,High,Low,C
ONIC,Gatotkaca,50.54,C,win,Medium,High,Low,High,C
AE,Cici,53.74,SS,lose,High,Medium,Medium,High,S
AE,Yi Sun-shin,49.98,SS,lose,High,Medium,High,Medium,S
AE,Luo Yi,47.06,D,lose,Medium,Medium,Medium,Medium,C
AE,Claude,46.95,D,lose,High,Low,High,Low,C
AE,Gatotkaca,50.54,C,lose,Medium,High,Low,High,C
ONIC,Phoveus,51.11,B,win,Medium,High,Medium,Medium,B
ONIC,Lancelot,47.15,SS,win,High,Low,High,Low,S
ONIC,Zhuxin,50.23,B,win,Medium,Medium,High,Medium,B
ONIC,Harith,47.1,D,win,High,Low,High,Low,C
ONIC,Khaleed,50.8,C,win,High,Medium,Medium,Low,C
TLID,Uranus,50.52,C,lose,Low,High,Low,Low,C
TLID,Yi Sun-shin,49.98,SS,lose,High,Medium,High,Medium,S
TLID,Zetian,48.62,B,lose,Medium,Medium,Medium,Medium,C
TLID,Harith,47.1,D,lose,High,Low,High,Low,C
TLID,Grock,49.34,SS,lose,Medium,Medium,Medium,Medium,C
NAVI,Phoveus,51.11,B,win,Medium,High,Medium,Medium,B
NAVI,Hayabusa,51.17,SS,win,High,Low,High,Low,S
NAVI,Pharsa,48.95,C,win,High,Low,Medium,Medium,B
NAVI,Granger,46.27,A,win,High,Medium,Medium,Low,A
NAVI,Kalea,47.96,B,win,Medium,Medium,Medium,Medium,C
TLID,Uranus,50.52,C,lose,Low,High,Low,Low,C
TLID,Yi Sun-shin,49.98,SS,lose,High,Medium,High,Medium,S
TLID,Kagura,50.03,C,lose,Medium,Medium,Medium,Medium,C
TLID,Karrie,48.18,D,lose,Medium,Medium,Medium,Medium,C
TLID,Kaja,53.32,C,lose,Medium,Medium,Medium,Medium,C
NAVI,Esmeralda,45.4,C,win,Medium,High,High,Medium,D
NAVI,Fredrinn,53.23,S,win,Medium,High,Medium,Medium,A
NAVI,Pharsa,48.95,C,win,High,Low,Medium,Medium,B
NAVI,Granger,46.27,A,win,High,Medium,Medium,Low,A
NAVI,Kalea,47.96,B,win,Medium,Medium,Medium,Medium,C
NAVI,Cici,53.74,SS,lose,High,Medium,Medium,High,S
NAVI,Fredrinn,53.23,S,lose,Medium,High,Medium,Medium,A
NAVI,Pharsa,48.95,C,lose,High,Low,Medium,Medium,B
NAVI,Granger,46.27,A,lose,High,Medium,Medium,Low,A
NAVI,Kalea,47.96,B,lose,Medium,Medium,Medium,Medium,C
ONIC,Arlott,48.03,A,win,Medium,High,Medium,High,A
ONIC,Yi Sun-shin,49.98,SS,win,High,Medium,High,Medium,S
ONIC,Zhuxin,50.23,B,win,Medium,Medium,High,Medium,B
ONIC,Claude,46.95,D,win,High,Low,High,Low,C
ONIC,Grock,49.34,SS,win,Medium,Medium,Medium,Medium,C
NAVI,Arlott,48.03,A,lose,Medium,High,Medium,High,A
NAVI,Hayabusa,51.17,SS,lose,High,Low,High,Low,S
NAVI,Zhuxin,50.23,B,lose,Medium,Medium,High,Medium,B
NAVI,Bruno,50.05,D,lose,High,Low,Medium,Low,C
NAVI,Khaleed,50.8,C,lose,High,Medium,Medium,Low,C
ONIC,Lapu-Lapu,50.62,A,win,High,Medium,Medium,Medium,B
ONIC,Lancelot,47.15,SS,win,High,Low,High,Low,S
ONIC,Pharsa,48.95,C,win,High,Low,Medium,Medium,B
ONIC,Granger,46.27,A,win,High,Medium,Medium,Low,A
ONIC,Gatotkaca,50.54,C,win,Medium,High,Low,High,C
NAVI,Arlott,48.03,A,lose,Medium,High,Medium,High,A
NAVI,Yi Sun-shin,49.98,SS,lose,High,Medium,High,Medium,S
NAVI,Pharsa,48.95,C,lose,High,Low,Medium,Medium,B
NAVI,Ruby,53.1,B,lose,Medium,High,Medium,High,B
NAVI,Gatotkaca,50.54,C,lose,Medium,High,Low,High,C
ONIC,Cici,53.74,SS,win,High,Medium,Medium,High,S
ONIC,Lancelot,47.15,SS,win,High,Low,High,Low,S
ONIC,Kagura,50.03,C,win,Medium,Medium,Medium,Medium,C
ONIC,Granger,46.27,A,win,High,Medium,Medium,Low,A
ONIC,Kalea,47.96,B,win,Medium,Medium,Medium,Medium,C
EVOS,Uranus,50.52,C,win,Low,High,Low,Low,C
EVOS,Hayabusa,51.17,SS,win,High,Low,High,Low,S
EVOS,Pharsa,48.95,C,win,High,Low,Medium,Medium,B
EVOS,Claude,46.95,D,win,High,Low,High,Low,C
EVOS,Chip,47.95,C,win,Medium,Medium,Medium,Medium,C
DEWA,Cici,53.74,SS,lose,High,Medium,Medium,High,S
DEWA,Joy,50.01,B,lose,High,Medium,High,Low,S
DEWA,Kagura,50.03,C,lose,Medium,Medium,Medium,Medium,C
DEWA,Granger,46.27,A,lose,High,Medium,Medium,Low,A
DEWA,Kalea,47.96,B,lose,Medium,Medium,Medium,Medium,C
EVOS,Uranus,50.52,C,win,Low,High,Low,Low,C
EVOS,Lancelot,47.15,SS,win,High,Low,High,Low,S
EVOS,Zhuxin,50.23,B,win,Medium,Medium,High,Medium,B
EVOS,Granger,46.27,A,win,High,Medium,Medium,Low,A
EVOS,Gatotkaca,50.54,C,win,Medium,High,Low,High,C
DEWA,Ruby,53.1,B,lose,Medium,High,Medium,High,B
DEWA,Baxia,50.27,C,lose,Low,High,Medium,High,B
DEWA,Kimmy,52.06,B,lose,High,Low,Medium,Low,A
DEWA,Bruno,50.05,D,lose,High,Low,Medium,Low,C
DEWA,Franco,46.36,A,lose,Low,High,Medium,High,A
TLID,Lapu-Lapu,50.62,A,lose,High,Medium,Medium,Medium,B
TLID,Fredrinn,53.23,S,lose,Medium,High,Medium,Medium,A
TLID,Kimmy,52.06,B,lose,High,Low,Medium,Low,A
TLID,Harith,47.1,D,lose,High,Low,High,Low,C
TLID,Kalea,47.96,B,lose,Medium,Medium,Medium,Medium,C
BTR,Cici,53.74,SS,win,High,Medium,Medium,High,S
BTR,Guinevere,50.4,B,win,High,Medium,High,High,B
BTR,Kagura,50.03,C,win,Medium,Medium,Medium,Medium,C
BTR,Granger,46.27,A,win,High,Medium,Medium,Low,A
BTR,Gatotkaca,50.54,C,win,Medium,High,Low,High,C
TLID,Arlott,48.03,A,lose,Medium,High,Medium,High,A
TLID,Fredrinn,53.23,S,lose,Medium,High,Medium,Medium,A
TLID,Pharsa,48.95,C,lose,High,Low,Medium,Medium,B
TLID,Granger,46.27,A,lose,High,Medium,Medium,Low,A
TLID,Kalea,47.96,B,lose,Medium,Medium,Medium,Medium,C
BTR,Lapu-Lapu,50.62,A,win,High,Medium,Medium,Medium,B
BTR,Baxia,50.27,C,win,Low,High,Medium,High,B
BTR,Kagura,50.03,C,win,Medium,Medium,Medium,Medium,C
BTR,Harith,47.1,D,win,High,Low,High,Low,C
BTR,Badang,50.07,C,win,Medium,Medium,Medium,Medium,C
RRQ,Lapu-Lapu,50.62,A,win,High,Medium,Medium,Medium,B
RRQ,Yi Sun-shin,49.98,SS,win,High,Medium,High,Medium,S
RRQ,Selena,44.99,D,win,Medium,Medium,Medium,Medium,C
RRQ,Granger,46.27,A,win,High,Medium,Medium,Low,A
RRQ,Gatotkaca,50.54,C,win,Medium,High,Low,High,C
EVOS,Cici,53.74,SS,lose,High,Medium,Medium,High,S
EVOS,Lancelot,47.15,SS,lose,High,Low,High,Low,S
EVOS,Zhuxin,50.23,B,lose,Medium,Medium,High,Medium,B
EVOS,Claude,46.95,D,lose,High,Low,High,Low,C
EVOS,Chip,47.95,C,lose,Medium,Medium,Medium,Medium,C
RRQ,Phoveus,51.11,B,win,Medium,High,Medium,Medium,B
RRQ,Hayabusa,51.17,SS,win,High,Low,High,Low,S
RRQ,Selena,44.99,D,win,Medium,Medium,Medium,Medium,C
RRQ,Granger,46.27,A,win,High,Medium,Medium,Low,A
RRQ,Gatotkaca,50.54,C,win,Medium,High,Low,High,C
EVOS,Cici,53.74,SS,lose,High,Medium,Medium,High,S
EVOS,Lancelot,47.15,SS,lose,High,Low,High,Low,S
EVOS,Zhuxin,50.23,B,lose,Medium,Medium,High,Medium,B
EVOS,Claude,46.95,D,lose,High,Low,High,Low,C
EVOS,Kalea,47.96,B,lose,Medium,Medium,Medium,Medium,C
GEEK,Uranus,50.52,C,lose,Low,High,Low,Low,C
GEEK,Fanny,42.7,B,lose,High,Low,High,Low,D
GEEK,Kimmy,52.06,B,lose,High,Low,Medium,Low,A
GEEK,Bruno,50.05,D,lose,High,Low,Medium,Low,C
GEEK,Grock,49.34,SS,lose,Medium,Medium,Medium,Medium,C
AE,Ruby,53.1,B,win,Medium,High,Medium,High,B
AE,Yi Sun-shin,49.98,SS,win,High,Medium,High,Medium,S
AE,Kagura,50.03,C,win,Medium,Medium,Medium,Medium,C
AE,Harith,47.1,D,win,High,Low,High,Low,C
AE,Kalea,47.96,B,win,Medium,Medium,Medium,Medium,C
GEEK,Cici,53.74,SS,lose,High,Medium,Medium,High,S
GEEK,Lancelot,47.15,SS,lose,High,Low,High,Low,S
GEEK,Valentina,44.61,D,lose,High,Low,High,Low,D
GEEK,Bruno,50.05,D,lose,High,Low,Medium,Low,C
GEEK,Gatotkaca,50.54,C,lose,Medium,High,Low,High,C
AE,Phoveus,51.11,B,win,Medium,High,Medium,Medium,B
AE,Yi Sun-shin,49.98,SS,win,High,Medium,High,Medium,S
AE,Zhuxin,50.23,B,win,Medium,Medium,High,Medium,B
AE,Harith,47.1,D,win,High,Low,High,Low,C
AE,Badang,50.07,C,win,Medium,Medium,Medium,Medium,C
ONIC,Lapu-Lapu,50.62,A,win,High,Medium,Medium,Medium,B
ONIC,Hayabusa,51.17,SS,win,High,Low,High,Low,S
ONIC,Luo Yi,47.06,D,win,Medium,Medium,Medium,Medium,C
ONIC,Harith,47.1,D,win,High,Low,High,Low,C
ONIC,Hylos,46.92,D,win,Low,High,Low,High,C
TLID,Phoveus,51.11,B,lose,Medium,High,Medium,Medium,B
TLID,Guinevere,50.4,B,lose,High,Medium,High,High,B
TLID,Zhuxin,50.23,B,lose,Medium,Medium,High,Medium,B
TLID,Moskov,50.81,C,lose,Medium,Medium,Medium,Medium,C
TLID,Chou,44.18,D,lose,Medium,Medium,High,High,D
ONIC,Cici,53.74,SS,win,High,Medium,Medium,High,S
ONIC,Guinevere,50.4,B,win,High,Medium,High,High,B
ONIC,Zhuxin,50.23,B,win,Medium,Medium,High,Medium,B
ONIC,Wanwan,49.53,C,win,Medium,Medium,Medium,Medium,C
ONIC,Hylos,46.92,D,win,Low,High,Low,High,C
TLID,Phoveus,51.11,B,lose,Medium,High,Medium,Medium,B
TLID,Hayabusa,51.17,SS,lose,High,Low,High,Low,S
TLID,Pharsa,48.95,C,lose,High,Low,Medium,Medium,B
TLID,Granger,46.27,A,lose,High,Medium,Medium,Low,A
TLID,Gatotkaca,50.54,C,lose,Medium,High,Low,High,C
BTR,Cici,53.74,SS,win,High,Medium,Medium,High,S
BTR,Lancelot,47.15,SS,win,High,Low,High,Low,S
BTR,Kagura,50.03,C,win,Medium,Medium,Medium,Medium,C
BTR,Karrie,48.18,D,win,Medium,Medium,Medium,Medium,C
BTR,Gatotkaca,50.54,C,win,Medium,High,Low,High,C
RRQ,Arlott,48.03,A,lose,Medium,High,Medium,High,A
RRQ,Yi Sun-shin,49.98,SS,lose,High,Medium,High,Medium,S
RRQ,Selena,44.99,D,lose,Medium,Medium,Medium,Medium,C
RRQ,Moskov,50.81,C,lose,Medium,Medium,Medium,Medium,C
RRQ,Badang,50.07,C,lose,Medium,Medium,Medium,Medium,C
BTR,Esmeralda,45.4,C,win,Medium,High,High,Medium,D
BTR,Yi Sun-shin,49.98,SS,win,High,Medium,High,Medium,S
BTR,Zhuxin,50.23,B,win,Medium,Medium,High,Medium,B
BTR,Ruby,53.1,B,win,Medium,High,Medium,High,B
BTR,Khaleed,50.8,C,win,High,Medium,Medium,Low,C
RRQ,Phoveus,51.11,B,lose,Medium,High,Medium,Medium,B
RRQ,Lancelot,47.15,SS,lose,High,Low,High,Low,S
RRQ,Pharsa,48.95,C,lose,High,Low,Medium,Medium,B
RRQ,Harith,47.1,D,lose,High,Low,High,Low,C
RRQ,Hylos,46.92,D,lose,Low,High,Low,High,C
BTR,Chou,44.18,D,win,Medium,Medium,High,High,D
BTR,Hayabusa,51.17,SS,win,High,Low,High,Low,S
BTR,Zhuxin,50.23,B,win,Medium,Medium,High,Medium,B
BTR,Harith,47.1,D,win,High,Low,High,Low,C
BTR,Hylos,46.92,D,win,Low,High,Low,High,C
RRQ,Uranus,50.52,C,lose,Low,High,Low,Low,C
RRQ,Lancelot,47.15,SS,lose,High,Low,High,Low,S
RRQ,Lunox,50.24,C,lose,Medium,Medium,Medium,Medium,C
RRQ,Granger,46.27,A,lose,High,Medium,Medium,Low,A
RRQ,Gatotkaca,50.54,C,lose,Medium,High,Low,High,C
DEWA,Terizla,51.03,C,win,Medium,Medium,Medium,Medium,C
DEWA,Fanny,42.7,B,win,High,Low,High,Low,D
DEWA,Helcurt,51.44,A,win,High,Low,Medium,Medium,A
DEWA,Harith,47.1,D,win,High,Low,High,Low,C
DEWA,Chou,44.18,D,win,Medium,Medium,High,High,D
GEEK,Gloo,54.08,SS,lose,Medium,High,Medium,High,S
GEEK,Yi Sun-shin,49.98,SS,lose,High,Medium,High,Medium,S
GEEK,Kimmy,52.06,B,lose,High,Low,Medium,Low,A
GEEK,Moskov,50.81,C,lose,Medium,Medium,Medium,Medium,C
GEEK,Kalea,47.96,B,lose,Medium,Medium,Medium,Medium,C
DEWA,Esmeralda,45.4,C,win,Medium,High,High,Medium,D
DEWA,Fanny,42.7,B,win,High,Low,High,Low,D
DEWA,Kimmy,52.06,B,win,High,Low,Medium,Low,A
DEWA,Bruno,50.05,D,win,High,Low,Medium,Low,C
DEWA,Grock,49.34,SS,win,Medium,Medium,Medium,Medium,C
GEEK,Cici,53.74,SS,lose,High,Medium,Medium,High,S
GEEK,Lancelot,47.15,SS,lose,High,Low,High,Low,S
GEEK,Zhuxin,50.23,B,lose,Medium,Medium,High,Medium,B
GEEK,Harith,47.1,D,lose,High,Low,High,Low,C
GEEK,Kalea,47.96,B,lose,Medium,Medium,Medium,Medium,C
DEWA,Uranus,50.52,C,win,Low,High,Low,Low,C
DEWA,Fanny,42.7,B,win,High,Low,High,Low,D
DEWA,Kimmy,52.06,B,win,High,Low,Medium,Low,A
DEWA,Bruno,50.05,D,win,High,Low,Medium,Low,C
DEWA,Grock,49.34,SS,win,Medium,Medium,Medium,Medium,C
GEEK,Gloo,54.08,SS,lose,Medium,High,Medium,High,S
GEEK,Lancelot,47.15,SS,lose,High,Low,High,Low,S
GEEK,Pharsa,48.95,C,lose,High,Low,Medium,Medium,B
GEEK,Harith,47.1,D,lose,High,Low,High,Low,C
GEEK,Kalea,47.96,B,lose,Medium,Medium,Medium,Medium,C
GEEK,Arlott,48.03,A,lose,Medium,High,Medium,High,A
GEEK,Lancelot,47.15,SS,lose,High,Low,High,Low,S
GEEK,Kimmy,52.06,B,lose,High,Low,Medium,Low,A
GEEK,Claude,46.95,D,lose,High,Low,High,Low,C
GEEK,Chip,47.95,C,lose,Medium,Medium,Medium,Medium,C
NAVI,Esmeralda,45.4,C,win,Medium,High,High,Medium,D
NAVI,Yi Sun-shin,49.98,SS,win,High,Medium,High,Medium,S
NAVI,Selena,44.99,D,win,Medium,Medium,Medium,Medium,C
NAVI,Cici,53.74,SS,win,High,Medium,Medium,High,S
NAVI,Khaleed,50.8,C,win,High,Medium,Medium,Low,C
GEEK,Cici,53.74,SS,lose,High,Medium,Medium,High,S
GEEK,Yi Sun-shin,49.98,SS,lose,High,Medium,High,Medium,S
GEEK,Lunox,50.24,C,lose,Medium,Medium,Medium,Medium,C
GEEK,Ruby,53.1,B,lose,Medium,High,Medium,High,B
GEEK,Khaleed,50.8,C,lose,High,Medium,Medium,Low,C
NAVI,Arlott,48.03,A,win,Medium,High,Medium,High,A
NAVI,Guinevere,50.4,B,win,High,Medium,High,High,B
NAVI,Kimmy,52.06,B,win,High,Low,Medium,Low,A
NAVI,Granger,46.27,A,win,High,Medium,Medium,Low,A
NAVI,Chip,47.95,C,win,Medium,Medium,Medium,Medium,C
EVOS,Lapu-Lapu,50.62,A,lose,High,Medium,Medium,Medium,B
EVOS,Guinevere,50.4,B,lose,High,Medium,High,High,B
EVOS,Zhuxin,50.23,B,lose,Medium,Medium,High,Medium,B
EVOS,Wanwan,49.53,C,lose,Medium,Medium,Medium,Medium,C
EVOS,Khaleed,50.8,C,lose,High,Medium,Medium,Low,C
ONIC,Cici,53.74,SS,win,High,Medium,Medium,High,S
ONIC,Yi Sun-shin,49.98,SS,win,High,Medium,High,Medium,S
ONIC,Angela,52.13,SS,win,Medium,Medium,Medium,Medium,C
ONIC,Lunox,50.24,C,win,Medium,Medium,Medium,Medium,C
ONIC,Chou,44.18,D,win,Medium,Medium,High,High,D
EVOS,Uranus,50.52,C,lose,Low,High,Low,Low,C
EVOS,Hayabusa,51.17,SS,lose,High,Low,High,Low,S
EVOS,Zhuxin,50.23,B,lose,Medium,Medium,High,Medium,B
EVOS,Granger,46.27,A,lose,High,Medium,Medium,Low,A
EVOS,Gatotkaca,50.54,C,lose,Medium,High,Low,High,C
ONIC,Gloo,54.08,SS,win,Medium,High,Medium,High,S
ONIC,Yi Sun-shin,49.98,SS,win,High,Medium,High,Medium,S
ONIC,Kagura,50.03,C,win,Medium,Medium,Medium,Medium,C
ONIC,Harith,47.1,D,win,High,Low,High,Low,C
ONIC,Khaleed,50.8,C,win,High,Medium,Medium,Low,C
EVOS,Arlott,48.03,A,lose,Medium,High,Medium,High,A
EVOS,Fredrinn,53.23,S,lose,Medium,High,Medium,Medium,A
EVOS,Valentina,44.61,D,lose,High,Low,High,Low,D
EVOS,Wanwan,49.53,C,lose,Medium,Medium,Medium,Medium,C
EVOS,Gatotkaca,50.54,C,lose,Medium,High,Low,High,C
ONIC,Phoveus,51.11,B,win,Medium,High,Medium,Medium,B
ONIC,Lancelot,47.15,SS,win,High,Low,High,Low,S
ONIC,Zhuxin,50.23,B,win,Medium,Medium,High,Medium,B
ONIC,Claude,46.95,D,win,High,Low,High,Low,C
ONIC,Hylos,46.92,D,win,Low,High,Low,High,C
DEWA,Uranus,50.52,C,win,Low,High,Low,Low,C
DEWA,Yi Sun-shin,49.98,SS,win,High,Medium,High,Medium,S
DEWA,Zhuxin,50.23,B,win,Medium,Medium,High,Medium,B
DEWA,Ruby,53.1,B,win,Medium,High,Medium,High,B
DEWA,Chou,44.18,D,win,Medium,Medium,High,High,D
RRQ,Arlott,48.03,A,lose,Medium,High,Medium,High,A
RRQ,Lancelot,47.15,SS,lose,High,Low,High,Low,S
RRQ,Cecilion,49.86,C,lose,Medium,Medium,Medium,Medium,C
RRQ,Kimmy,52.06,B,lose,High,Low,Medium,Low,A
RRQ,Khaleed,50.8,C,lose,High,Medium,Medium,Low,C
DEWA,Arlott,48.03,A,win,Medium,High,Medium,High,A
DEWA,Fredrinn,53.23,S,win,Medium,High,Medium,Medium,A
DEWA,Lunox,50.24,C,win,Medium,Medium,Medium,Medium,C
DEWA,Claude,46.95,D,win,High,Low,High,Low,C
DEWA,Kalea,47.96,B,win,Medium,Medium,Medium,Medium,C
RRQ,Cici,53.74,SS,lose,High,Medium,Medium,High,S
RRQ,Thamuz,51.46,B,lose,Medium,Medium,Medium,Medium,C
RRQ,Angela,52.13,SS,lose,Medium,Medium,Medium,Medium,C
RRQ,Granger,46.27,A,lose,High,Medium,Medium,Low,A
RRQ,Gatotkaca,50.54,C,lose,Medium,High,Low,High,C
AE,Ruby,53.1,B,win,Medium,High,Medium,High,B
AE,Lancelot,47.15,SS,win,High,Low,High,Low,S
AE,Zhuxin,50.23,B,win,Medium,Medium,High,Medium,B
AE,Granger,46.27,A,win,High,Medium,Medium,Low,A
AE,Gatotkaca,50.54,C,win,Medium,High,Low,High,C
TLID,Uranus,50.52,C,lose,Low,High,Low,Low,C
TLID,Yi Sun-shin,49.98,SS,lose,High,Medium,High,Medium,S
TLID,Yve,53.65,C,lose,High,Low,Medium,High,A
TLID,Harith,47.1,D,lose,High,Low,High,Low,C
TLID,Kalea,47.96,B,lose,Medium,Medium,Medium,Medium,C
AE,Cici,53.74,SS,win,High,Medium,Medium,High,S
AE,Hayabusa,51.17,SS,win,High,Low,High,Low,S
AE,Valentina,44.61,D,win,High,Low,High,Low,D
AE,Harith,47.1,D,win,High,Low,High,Low,C
AE,Kalea,47.96,B,win,Medium,Medium,Medium,Medium,C
TLID,Esmeralda,45.4,C,lose,Medium,High,High,Medium,D
TLID,Yi Sun-shin,49.98,SS,lose,High,Medium,High,Medium,S
TLID,Angela,52.13,SS,lose,Medium,Medium,Medium,Medium,C
TLID,Lunox,50.24,C,lose,Medium,Medium,Medium,Medium,C
TLID,Hilda,52.86,S,lose,Medium,Medium,Medium,Medium,C
AE,Arlott,48.03,A,win,Medium,High,Medium,High,A
AE,Baxia,50.27,C,win,Low,High,Medium,High,B
AE,Kagura,50.03,C,win,Medium,Medium,Medium,Medium,C
AE,Granger,46.27,A,win,High,Medium,Medium,Low,A
AE,Kaja,53.32,C,win,Medium,Medium,Medium,Medium,C
TLID,Uranus,50.52,C,lose,Low,High,Low,Low,C
TLID,Yi Sun-shin,49.98,SS,lose,High,Medium,High,Medium,S
TLID,Zhuxin,50.23,B,lose,Medium,Medium,High,Medium,B
TLID,Harith,47.1,D,lose,High,Low,High,Low,C
TLID,Gatotkaca,50.54,C,lose,Medium,High,Low,High,C
EVOS,Cici,53.74,SS,lose,High,Medium,Medium,High,S
EVOS,Joy,50.01,B,lose,High,Medium,High,Low,S
EVOS,Angela,52.13,SS,lose,Medium,Medium,Medium,Medium,C
EVOS,Claude,46.95,D,lose,High,Low,High,Low,C
EVOS,Hylos,46.92,D,lose,Low,High,Low,High,C
BTR,Uranus,50.52,C,win,Low,High,Low,Low,C
BTR,Yi Sun-shin,49.98,SS,win,High,Medium,High,Medium,S
BTR,Kimmy,52.06,B,win,High,Low,Medium,Low,A
BTR,Bane,49.79,B,win,Medium,Medium,Medium,Medium,C
BTR,Hilda,52.86,S,win,Medium,Medium,Medium,Medium,C
EVOS,Esmeralda,45.4,C,lose,Medium,High,High,Medium,D
EVOS,Hayabusa,51.17,SS,lose,High,Low,High,Low,S
EVOS,Pharsa,48.95,C,lose,High,Low,Medium,Medium,B
EVOS,Granger,46.27,A,lose,High,Medium,Medium,Low,A
EVOS,Gatotkaca,50.54,C,lose,Medium,High,Low,High,C
BTR,Uranus,50.52,C,win,Low,High,Low,Low,C
BTR,Ling,46.52,D,win,Medium,Medium,Medium,Medium,C
BTR,Zhuxin,50.23,B,win,Medium,Medium,High,Medium,B
BTR,Chou,44.18,D,win,Medium,Medium,High,High,D
BTR,Hilda,52.86,S,win,Medium,Medium,Medium,Medium,C
AE,Phoveus,51.11,B,win,Medium,High,Medium,Medium,B
AE,Lancelot,47.15,SS,win,High,Low,High,Low,S
AE,Zhuxin,50.23,B,win,Medium,Medium,High,Medium,B
AE,Harith,47.1,D,win,High,Low,High,Low,C
AE,Hilda,52.86,S,win,Medium,Medium,Medium,Medium,C
NAVI,Cici,53.74,SS,lose,High,Medium,Medium,High,S
NAVI,Yi Sun-shin,49.98,SS,lose,High,Medium,High,Medium,S
NAVI,Angela,52.13,SS,lose,Medium,Medium,Medium,Medium,C
NAVI,Ruby,53.1,B,lose,Medium,High,Medium,High,B
NAVI,Grock,49.34,SS,lose,Medium,Medium,Medium,Medium,C
AE,Phoveus,51.11,B,win,Medium,High,Medium,Medium,B
AE,Lancelot,47.15,SS,win,High,Low,High,Low,S
AE,Yve,53.65,C,win,High,Low,Medium,High,A
AE,Granger,46.27,A,win,High,Medium,Medium,Low,A
AE,Mathilda,46.13,D,win,Medium,Medium,Medium,Medium,C
NAVI,Lapu-Lapu,50.62,A,lose,High,Medium,Medium,Medium,B
NAVI,Yi Sun-shin,49.98,SS,lose,High,Medium,High,Medium,S
NAVI,Zhuxin,50.23,B,lose,Medium,Medium,High,Medium,B
NAVI,Harith,47.1,D,lose,High,Low,High,Low,C
NAVI,Chou,44.18,D,lose,Medium,Medium,High,High,D
AE,Phoveus,51.11,B,win,Medium,High,Medium,Medium,B
AE,Yi Sun-shin,49.98,SS,win,High,Medium,High,Medium,S
AE,Zhuxin,50.23,B,win,Medium,Medium,High,Medium,B
AE,Granger,46.27,A,win,High,Medium,Medium,Low,A
AE,Hylos,46.92,D,win,Low,High,Low,High,C
NAVI,Cici,53.74,SS,lose,High,Medium,Medium,High,S
NAVI,Lancelot,47.15,SS,lose,High,Low,High,Low,S
NAVI,Kimmy,52.06,B,lose,High,Low,Medium,Low,A
NAVI,Harith,47.1,D,lose,High,Low,High,Low,C
NAVI,Khaleed,50.8,C,lose,High,Medium,Medium,Low,C
GEEK,Uranus,50.52,C,lose,Low,High,Low,Low,C
GEEK,Hayabusa,51.17,SS,lose,High,Low,High,Low,S
GEEK,Zhuxin,50.23,B,lose,Medium,Medium,High,Medium,B
GEEK,Wanwan,49.53,C,lose,Medium,Medium,Medium,Medium,C
GEEK,Badang,50.07,C,lose,Medium,Medium,Medium,Medium,C
ONIC,Arlott,48.03,A,win,Medium,High,Medium,High,A
ONIC,Lancelot,47.15,SS,win,High,Low,High,Low,S
ONIC,Angela,52.13,SS,win,Medium,Medium,Medium,Medium,C
ONIC,Harith,47.1,D,win,High,Low,High,Low,C
ONIC,Hylos,46.92,D,win,Low,High,Low,High,C
GEEK,Uranus,50.52,C,lose,Low,High,Low,Low,C
GEEK,Yi Sun-shin,49.98,SS,lose,High,Medium,High,Medium,S
GEEK,Zhuxin,50.23,B,lose,Medium,Medium,High,Medium,B
GEEK,Wanwan,49.53,C,lose,Medium,Medium,Medium,Medium,C
GEEK,Kalea,47.96,B,lose,Medium,Medium,Medium,Medium,C
ONIC,Arlott,48.03,A,win,Medium,High,Medium,High,A
ONIC,Hayabusa,51.17,SS,win,High,Low,High,Low,S
ONIC,Angela,52.13,SS,win,Medium,Medium,Medium,Medium,C
ONIC,Harith,47.1,D,win,High,Low,High,Low,C
ONIC,Gatotkaca,50.54,C,win,Medium,High,Low,High,C
DEWA,Terizla,51.03,C,win,Medium,Medium,Medium,Medium,C
DEWA,Yi Sun-shin,49.98,SS,win,High,Medium,High,Medium,S
DEWA,Lunox,50.24,C,win,Medium,Medium,Medium,Medium,C
DEWA,Ruby,53.1,B,win,Medium,High,Medium,High,B
DEWA,Kalea,47.96,B,win,Medium,Medium,Medium,Medium,C
TLID,Esmeralda,45.4,C,lose,Medium,High,High,Medium,D
TLID,Joy,50.01,B,lose,High,Medium,High,Low,S
TLID,Angela,52.13,SS,lose,Medium,Medium,Medium,Medium,C
TLID,Granger,46.27,A,lose,High,Medium,Medium,Low,A
TLID,Khaleed,50.8,C,lose,High,Medium,Medium,Low,C
DEWA,Arlott,48.03,A,win,Medium,High,Medium,High,A
DEWA,Baxia,50.27,C,win,Low,High,Medium,High,B
DEWA,Kadita,52.81,B,win,Medium,Medium,Medium,Medium,C
DEWA,Moskov,50.81,C,win,Medium,Medium,Medium,Medium,C
DEWA,Kaja,53.32,C,win,Medium,Medium,Medium,Medium,C
TLID,Hilda,52.86,S,lose,Medium,Medium,Medium,Medium,C
TLID,Fanny,42.7,B,lose,High,Low,High,Low,D
TLID,Angela,52.13,SS,lose,Medium,Medium,Medium,Medium,C
TLID,Harith,47.1,D,lose,High,Low,High,Low,C
TLID,Chou,44.18,D,lose,Medium,Medium,High,High,D
NAVI,Esmeralda,45.4,C,lose,Medium,High,High,Medium,D
NAVI,Yi Sun-shin,49.98,SS,lose,High,Medium,High,Medium,S
NAVI,Selena,44.99,D,lose,Medium,Medium,Medium,Medium,C
NAVI,Chou,44.18,D,lose,Medium,Medium,High,High,D
NAVI,Mathilda,46.13,D,lose,Medium,Medium,Medium,Medium,C
DEWA,Phoveus,51.11,B,win,Medium,High,Medium,Medium,B
DEWA,Lancelot,47.15,SS,win,High,Low,High,Low,S
DEWA,Lunox,50.24,C,win,Medium,Medium,Medium,Medium,C
DEWA,Obsidia,51.96,A,win,High,Medium,High,Medium,A
DEWA,Chip,47.95,C,win,Medium,Medium,Medium,Medium,C
NAVI,Uranus,50.52,C,lose,Low,High,Low,Low,C
NAVI,Fanny,42.7,B,lose,High,Low,High,Low,D
NAVI,Kimmy,52.06,B,lose,High,Low,Medium,Low,A
NAVI,Granger,46.27,A,lose,High,Medium,Medium,Low,A
NAVI,Minotaur,53.22,B,lose,Medium,Medium,Medium,Medium,C
DEWA,Arlott,48.03,A,win,Medium,High,Medium,High,A
DEWA,Fredrinn,53.23,S,win,Medium,High,Medium,Medium,A
DEWA,Odette,52.03,C,win,Medium,Medium,Medium,Medium,C
DEWA,Obsidia,51.96,A,win,High,Medium,High,Medium,A
DEWA,Chip,47.95,C,win,Medium,Medium,Medium,Medium,C
AE,Uranus,50.52,C,win,Low,High,Low,Low,C
AE,Yi Sun-shin,49.98,SS,win,High,Medium,High,Medium,S
AE,Zhuxin,50.23,B,win,Medium,Medium,High,Medium,B
AE,Granger,46.27,A,win,High,Medium,Medium,Low,A
AE,Grock,49.34,SS,win,Medium,Medium,Medium,Medium,C
GEEK,Phoveus,51.11,B,lose,Medium,High,Medium,Medium,B
GEEK,Lancelot,47.15,SS,lose,High,Low,High,Low,S
GEEK,Angela,52.13,SS,lose,Medium,Medium,Medium,Medium,C
GEEK,Harith,47.1,D,lose,High,Low,High,Low,C
GEEK,Hylos,46.92,D,lose,Low,High,Low,High,C
AE,Uranus,50.52,C,win,Low,High,Low,Low,C
AE,Lukas,48.28,D,win,Medium,Medium,Medium,Medium,C
AE,Kimmy,52.06,B,win,High,Low,Medium,Low,A
AE,Brody,51.87,C,win,Medium,Medium,Medium,Medium,C
AE,Mathilda,46.13,D,win,Medium,Medium,Medium,Medium,C
GEEK,Phoveus,51.11,B,lose,Medium,High,Medium,Medium,B
GEEK,Fanny,42.7,B,lose,High,Low,High,Low,D
GEEK,Lunox,50.24,C,lose,Medium,Medium,Medium,Medium,C
GEEK,Harith,47.1,D,lose,High,Low,High,Low,C
GEEK,Khaleed,50.8,C,lose,High,Medium,Medium,Low,C
EVOS,Uranus,50.52,C,lose,Low,High,Low,Low,C
EVOS,Yi Sun-shin,49.98,SS,lose,High,Medium,High,Medium,S
EVOS,Zhuxin,50.23,B,lose,Medium,Medium,High,Medium,B
EVOS,Cici,53.74,SS,lose,High,Medium,Medium,High,S
EVOS,Kalea,47.96,B,lose,Medium,Medium,Medium,Medium,C
AE,Chou,44.18,D,win,Medium,Medium,High,High,D
AE,Lancelot,47.15,SS,win,High,Low,High,Low,S
AE,Lunox,50.24,C,win,Medium,Medium,Medium,Medium,C
AE,Bruno,50.05,D,win,High,Low,Medium,Low,C
AE,Hylos,46.92,D,win,Low,High,Low,High,C
EVOS,Uranus,50.52,C,lose,Low,High,Low,Low,C
EVOS,Lancelot,47.15,SS,lose,High,Low,High,Low,S
EVOS,Yve,53.65,C,lose,High,Low,Medium,High,A
EVOS,Lunox,50.24,C,lose,Medium,Medium,Medium,Medium,C
EVOS,Kalea,47.96,B,lose,Medium,Medium,Medium,Medium,C
AE,Cici,53.74,SS,win,High,Medium,Medium,High,S
AE,Yi Sun-shin,49.98,SS,win,High,Medium,High,Medium,S
AE,Zhuxin,50.23,B,win,Medium,Medium,High,Medium,B
AE,Granger,46.27,A,win,High,Medium,Medium,Low,A
AE,Grock,49.34,SS,win,Medium,Medium,Medium,Medium,C
EVOS,Dyrroth,44.46,D,lose,Medium,Medium,Medium,Medium,C
EVOS,Lancelot,47.15,SS,lose,High,Low,High,Low,S
EVOS,Zhuxin,50.23,B,lose,Medium,Medium,High,Medium,B
EVOS,Claude,46.95,D,lose,High,Low,High,Low,C
EVOS,Khaleed,50.8,C,lose,High,Medium,Medium,Low,C
AE,Uranus,50.52,C,win,Low,High,Low,Low,C
AE,Yi Sun-shin,49.98,SS,win,High,Medium,High,Medium,S
AE,Kimmy,52.06,B,win,High,Low,Medium,Low,A
AE,Harith,47.1,D,win,High,Low,High,Low,C
AE,Franco,46.36,A,win,Low,High,Medium,High,A
TLID,Hylos,46.92,D,lose,Low,High,Low,High,C
TLID,Yi Sun-shin,49.98,SS,lose,High,Medium,High,Medium,S
TLID,Zhuxin,50.23,B,lose,Medium,Medium,High,Medium,B
TLID,Lunox,50.24,C,lose,Medium,Medium,Medium,Medium,C
TLID,Kaja,53.32,C,lose,Medium,Medium,Medium,Medium,C
ONIC,Esmeralda,45.4,C,win,Medium,High,High,Medium,D
ONIC,Lancelot,47.15,SS,win,High,Low,High,Low,S
ONIC,Angela,52.13,SS,win,Medium,Medium,Medium,Medium,C
ONIC,Beatrix,48.52,D,win,Medium,Medium,Medium,Medium,C
ONIC,Kalea,47.96,B,win,Medium,Medium,Medium,Medium,C
TLID,Arlott,48.03,A,lose,Medium,High,Medium,High,A
TLID,Joy,50.01,B,lose,High,Medium,High,Low,S
TLID,Angela,52.13,SS,lose,Medium,Medium,Medium,Medium,C
TLID,Freya,47.77,B,lose,Medium,Medium,Medium,Medium,C
TLID,Hilda,52.86,S,lose,Medium,Medium,Medium,Medium,C
ONIC,Phoveus,51.11,B,win,Medium,High,Medium,Medium,B
ONIC,Baxia,50.27,C,win,Low,High,Medium,High,B
ONIC,Kimmy,52.06,B,win,High,Low,Medium,Low,A
ONIC,Harith,47.1,D,win,High,Low,High,Low,C
ONIC,Chou,44.18,D,win,Medium,Medium,High,High,D
RRQ,Phoveus,51.11,B,lose,Medium,High,Medium,Medium,B
RRQ,Baxia,50.27,C,lose,Low,High,Medium,High,B
RRQ,Kimmy,52.06,B,lose,High,Low,Medium,Low,A
RRQ,Bruno,50.05,D,lose,High,Low,Medium,Low,C
RRQ,Franco,46.36,A,lose,Low,High,Medium,High,A
BTR,Terizla,51.03,C,win,Medium,Medium,Medium,Medium,C
BTR,Joy,50.01,B,win,High,Medium,High,Low,S
BTR,Angela,52.13,SS,win,Medium,Medium,Medium,Medium,C
BTR,Cici,53.74,SS,win,High,Medium,Medium,High,S
BTR,Khaleed,50.8,C,win,High,Medium,Medium,Low,C
RRQ,Arlott,48.03,A,lose,Medium,High,Medium,High,A
RRQ,Joy,50.01,B,lose,High,Medium,High,Low,S
RRQ,Pharsa,48.95,C,lose,High,Low,Medium,Medium,B
RRQ,Obsidia,51.96,A,lose,High,Medium,High,Medium,A
RRQ,Jawhead,48.0,D,lose,Medium,Medium,Medium,Medium,C
BTR,Hilda,52.86,S,win,Medium,Medium,Medium,Medium,C
BTR,Hayabusa,51.17,SS,win,High,Low,High,Low,S
BTR,Novaria,47.41,D,win,Medium,Medium,Medium,Medium,C
BTR,Cici,53.74,SS,win,High,Medium,Medium,High,S
BTR,Badang,50.07,C,win,Medium,Medium,Medium,Medium,C
RRQ,Arlott,48.03,A,lose,Medium,High,Medium,High,A
RRQ,Joy,50.01,B,lose,High,Medium,High,Low,S
RRQ,Pharsa,48.95,C,lose,High,Low,Medium,Medium,B
RRQ,Karrie,48.18,D,lose,Medium,Medium,Medium,Medium,C
RRQ,Hilda,52.86,S,lose,Medium,Medium,Medium,Medium,C
BTR,Phoveus,51.11,B,win,Medium,High,Medium,Medium,B
BTR,Hayabusa,51.17,SS,win,High,Low,High,Low,S
BTR,Novaria,47.41,D,win,Medium,Medium,Medium,Medium,C
BTR,Cici,53.74,SS,win,High,Medium,Medium,High,S
BTR,Gatotkaca,50.54,C,win,Medium,High,Low,High,C
NAVI,Esmeralda,45.4,C,win,Medium,High,High,Medium,D
NAVI,Fredrinn,53.23,S,win,Medium,High,Medium,Medium,A
NAVI,Zhuxin,50.23,B,win,Medium,Medium,High,Medium,B
NAVI,Granger,46.27,A,win,High,Medium,Medium,Low,A
NAVI,Arlott,48.03,A,win,Medium,High,Medium,High,A
TLID,Lapu-Lapu,50.62,A,lose,High,Medium,Medium,Medium,B
TLID,Yi Sun-shin,49.98,SS,lose,High,Medium,High,Medium,S
TLID,Yve,53.65,C,lose,High,Low,Medium,High,A
TLID,Harith,47.1,D,lose,High,Low,High,Low,C
TLID,Chip,47.95,C,lose,Medium,Medium,Medium,Medium,C
NAVI,Lukas,48.28,D,win,Medium,Medium,Medium,Medium,C
NAVI,Yi Sun-shin,49.98,SS,win,High,Medium,High,Medium,S
NAVI,Zhuxin,50.23,B,win,Medium,Medium,High,Medium,B
NAVI,Cici,53.74,SS,win,High,Medium,Medium,High,S
NAVI,Chou,44.18,D,win,Medium,Medium,High,High,D
TLID,Ruby,53.1,B,lose,Medium,High,Medium,High,B
TLID,Joy,50.01,B,lose,High,Medium,High,Low,S
TLID,Angela,52.13,SS,lose,Medium,Medium,Medium,Medium,C
TLID,Granger,46.27,A,lose,High,Medium,Medium,Low,A
TLID,Khaleed,50.8,C,lose,High,Medium,Medium,Low,C
NAVI,Lapu-Lapu,50.62,A,win,High,Medium,Medium,Medium,B
NAVI,Joy,50.01,B,win,High,Medium,High,Low,S
NAVI,Angela,52.13,SS,win,Medium,Medium,Medium,Medium,C
NAVI,Obsidia,51.96,A,win,High,Medium,High,Medium,A
NAVI,Khaleed,50.8,C,win,High,Medium,Medium,Low,C
TLID,Arlott,48.03,A,lose,Medium,High,Medium,High,A
TLID,Yi Sun-shin,49.98,SS,lose,High,Medium,High,Medium,S
TLID,Zhuxin,50.23,B,lose,Medium,Medium,High,Medium,B
TLID,Harith,47.1,D,lose,High,Low,High,Low,C
TLID,Hilda,52.86,S,lose,Medium,Medium,Medium,Medium,C
ONIC,Lapu-Lapu,50.62,A,win,High,Medium,Medium,Medium,B
ONIC,Baxia,50.27,C,win,Low,High,Medium,High,B
ONIC,Kimmy,52.06,B,win,High,Low,Medium,Low,A
ONIC,Harith,47.1,D,win,High,Low,High,Low,C
ONIC,Chou,44.18,D,win,Medium,Medium,High,High,D
RRQ,Cici,53.74,SS,lose,High,Medium,Medium,High,S
RRQ,Fredrinn,53.23,S,lose,Medium,High,Medium,Medium,A
RRQ,Zhuxin,50.23,B,lose,Medium,Medium,High,Medium,B
RRQ,Claude,46.95,D,lose,High,Low,High,Low,C
RRQ,Jawhead,48.0,D,lose,Medium,Medium,Medium,Medium,C
ONIC,Arlott,48.03,A,win,Medium,High,Medium,High,A
ONIC,Hayabusa,51.17,SS,win,High,Low,High,Low,S
ONIC,Zhuxin,50.23,B,win,Medium,Medium,High,Medium,B
ONIC,Granger,46.27,A,win,High,Medium,Medium,Low,A
ONIC,Gatotkaca,50.54,C,win,Medium,High,Low,High,C
RRQ,Hilda,52.86,S,lose,Medium,Medium,Medium,Medium,C
RRQ,Yi Sun-shin,49.98,SS,lose,High,Medium,High,Medium,S
RRQ,Kimmy,52.06,B,lose,High,Low,Medium,Low,A
RRQ,Bane,49.79,B,lose,Medium,Medium,Medium,Medium,C
RRQ,Kalea,47.96,B,lose,Medium,Medium,Medium,Medium,C
GEEK,Lapu-Lapu,50.62,A,lose,High,Medium,Medium,Medium,B
GEEK,Fredrinn,53.23,S,lose,Medium,High,Medium,Medium,A
GEEK,Novaria,47.41,D,lose,Medium,Medium,Medium,Medium,C
GEEK,Obsidia,51.96,A,lose,High,Medium,High,Medium,A
GEEK,Zhuxin,50.23,B,lose,Medium,Medium,High,Medium,B
EVOS,Arlott,48.03,A,win,Medium,High,Medium,High,A
EVOS,Yi Sun-shin,49.98,SS,win,High,Medium,High,Medium,S
EVOS,Kimmy,52.06,B,win,High,Low,Medium,Low,A
EVOS,Granger,46.27,A,win,High,Medium,Medium,Low,A
EVOS,Chip,47.95,C,win,Medium,Medium,Medium,Medium,C
GEEK,Arlott,48.03,A,lose,Medium,High,Medium,High,A
GEEK,Fredrinn,53.23,S,lose,Medium,High,Medium,Medium,A
GEEK,Kimmy,52.06,B,lose,High,Low,Medium,Low,A
GEEK,Granger,46.27,A,lose,High,Medium,Medium,Low,A
GEEK,Novaria,47.41,D,lose,Medium,Medium,Medium,Medium,C
EVOS,Cici,53.74,SS,win,High,Medium,Medium,High,S
EVOS,Guinevere,50.4,B,win,High,Medium,High,High,B
EVOS,Zhuxin,50.23,B,win,Medium,Medium,High,Medium,B
EVOS,Wanwan,49.53,C,win,Medium,Medium,Medium,Medium,C
EVOS,Kalea,47.96,B,win,Medium,Medium,Medium,Medium,C
GEEK,Cici,53.74,SS,win,High,Medium,Medium,High,S
GEEK,Lancelot,47.15,SS,win,High,Low,High,Low,S
GEEK,Kimmy,52.06,B,win,High,Low,Medium,Low,A
GEEK,Granger,46.27,A,win,High,Medium,Medium,Low,A
GEEK,Kalea,47.96,B,win,Medium,Medium,Medium,Medium,C
DEWA,Terizla,51.03,C,lose,Medium,Medium,Medium,Medium,C
DEWA,Yi Sun-shin,49.98,SS,lose,High,Medium,High,Medium,S
DEWA,Zhuxin,50.23,B,lose,Medium,Medium,High,Medium,B
DEWA,Ruby,53.1,B,lose,Medium,High,Medium,High,B
DEWA,Grock,49.34,SS,lose,Medium,Medium,Medium,Medium,C
GEEK,Esmeralda,45.4,C,win,Medium,High,High,Medium,D
GEEK,Yi Sun-shin,49.98,SS,win,High,Medium,High,Medium,S
GEEK,Luo Yi,47.06,D,win,Medium,Medium,Medium,Medium,C
GEEK,Granger,46.27,A,win,High,Medium,Medium,Low,A
GEEK,Kalea,47.96,B,win,Medium,Medium,Medium,Medium,C
DEWA,Uranus,50.52,C,lose,Low,High,Low,Low,C
DEWA,Lancelot,47.15,SS,lose,High,Low,High,Low,S
DEWA,Kimmy,52.06,B,lose,High,Low,Medium,Low,A
DEWA,Obsidia,51.96,A,lose,High,Medium,High,Medium,A
DEWA,Grock,49.34,SS,lose,Medium,Medium,Medium,Medium,C
BTR,Esmeralda,45.4,C,lose,Medium,High,High,Medium,D
BTR,Joy,50.01,B,lose,High,Medium,High,Low,S
BTR,Angela,52.13,SS,lose,Medium,Medium,Medium,Medium,C
BTR,Moskov,50.81,C,lose,Medium,Medium,Medium,Medium,C
BTR,Gatotkaca,50.54,C,lose,Medium,High,Low,High,C
TLID,Uranus,50.52,C,win,Low,High,Low,Low,C
TLID,Yi Sun-shin,49.98,SS,win,High,Medium,High,Medium,S
TLID,Lunox,50.24,C,win,Medium,Medium,Medium,Medium,C
TLID,Ruby,53.1,B,win,Medium,High,Medium,High,B
TLID,Kalea,47.96,B,win,Medium,Medium,Medium,Medium,C
BTR,Phoveus,51.11,B,lose,Medium,High,Medium,Medium,B
BTR,Joy,50.01,B,lose,High,Medium,High,Low,S
BTR,Angela,52.13,SS,lose,Medium,Medium,Medium,Medium,C
BTR,Clint,50.45,C,lose,Medium,Medium,Medium,Medium,C
BTR,Khaleed,50.8,C,lose,High,Medium,Medium,Low,C
TLID,Arlott,48.03,A,win,Medium,High,Medium,High,A
TLID,Fredrinn,53.23,S,win,Medium,High,Medium,Medium,A
TLID,Kimmy,52.06,B,win,High,Low,Medium,Low,A
TLID,Lapu-Lapu,50.62,A,win,High,Medium,Medium,Medium,B
TLID,Gatotkaca,50.54,C,win,Medium,High,Low,High,C
DEWA,Alice,50.78,SS,win,Medium,High,Medium,Medium,B
DEWA,Fredrinn,53.23,S,win,Medium,High,Medium,Medium,A
DEWA,Zhuxin,50.23,B,win,Medium,Medium,High,Medium,B
DEWA,Claude,46.95,D,win,High,Low,High,Low,C
DEWA,Helcurt,51.44,A,win,High,Low,Medium,Medium,A
AE,Uranus,50.52,C,lose,Low,High,Low,Low,C
AE,Hayabusa,51.17,SS,lose,High,Low,High,Low,S
AE,Kimmy,52.06,B,lose,High,Low,Medium,Low,A
AE,Harith,47.1,D,lose,High,Low,High,Low,C
AE,Hylos,46.92,D,lose,Low,High,Low,High,C
DEWA,Hilda,52.86,S,win,Medium,Medium,Medium,Medium,C
DEWA,Fredrinn,53.23,S,win,Medium,High,Medium,Medium,A
DEWA,Zhuxin,50.23,B,win,Medium,Medium,High,Medium,B
DEWA,Wanwan,49.53,C,win,Medium,Medium,Medium,Medium,C
DEWA,Helcurt,51.44,A,win,High,Low,Medium,Medium,A
AE,Arlott,48.03,A,lose,Medium,High,Medium,High,A
AE,Lancelot,47.15,SS,lose,High,Low,High,Low,S
AE,Kagura,50.03,C,lose,Medium,Medium,Medium,Medium,C
AE,Harith,47.1,D,lose,High,Low,High,Low,C
AE,Kalea,47.96,B,lose,Medium,Medium,Medium,Medium,C
EVOS,Arlott,48.03,A,win,Medium,High,Medium,High,A
EVOS,Lancelot,47.15,SS,win,High,Low,High,Low,S
EVOS,Nana,45.06,C,win,Medium,Medium,Medium,Medium,C
EVOS,Granger,46.27,A,win,High,Medium,Medium,Low,A
EVOS,Kalea,47.96,B,win,Medium,Medium,Medium,Medium,C
RRQ,Lapu-Lapu,50.62,A,lose,High,Medium,Medium,Medium,B
RRQ,Yi Sun-shin,49.98,SS,lose,High,Medium,High,Medium,S
RRQ,Luo Yi,47.06,D,lose,Medium,Medium,Medium,Medium,C
RRQ,Cici,53.74,SS,lose,High,Medium,Medium,High,S
RRQ,Chip,47.95,C,lose,Medium,Medium,Medium,Medium,C
EVOS,Cici,53.74,SS,win,High,Medium,Medium,High,S
EVOS,Joy,50.01,B,win,High,Medium,High,Low,S
EVOS,Zhuxin,50.23,B,win,Medium,Medium,High,Medium,B
EVOS,Granger,46.27,A,win,High,Medium,Medium,Low,A
EVOS,Gatotkaca,50.54,C,win,Medium,High,Low,High,C
RRQ,Lapu-Lapu,50.62,A,lose,High,Medium,Medium,Medium,B
RRQ,Yi Sun-shin,49.98,SS,lose,High,Medium,High,Medium,S
RRQ,Yve,53.65,C,lose,High,Low,Medium,High,A
RRQ,Ruby,53.1,B,lose,Medium,High,Medium,High,B
RRQ,Hylos,46.92,D,lose,Low,High,Low,High,C
EVOS,Gloo,54.08,SS,win,Medium,High,Medium,High,S
EVOS,Yi Sun-shin,49.98,SS,win,High,Medium,High,Medium,S
EVOS,Kimmy,52.06,B,win,High,Low,Medium,Low,A
EVOS,Cici,53.74,SS,win,High,Medium,Medium,High,S
EVOS,Kalea,47.96,B,win,Medium,Medium,Medium,Medium,C
RRQ,Arlott,48.03,A,lose,Medium,High,Medium,High,A
RRQ,Hayabusa,51.17,SS,lose,High,Low,High,Low,S
RRQ,Zhuxin,50.23,B,lose,Medium,Medium,High,Medium,B
RRQ,Natan,52.23,A,lose,Medium,Medium,Medium,Medium,C
RRQ,Grock,49.34,SS,lose,Medium,Medium,Medium,Medium,C
ONIC,Yu Zhong,51.16,B,win,High,High,Medium,Medium,A
ONIC,Yi Sun-shin,49.98,SS,win,High,Medium,High,Medium,S
ONIC,Angela,52.13,SS,win,Medium,Medium,Medium,Medium,C
ONIC,Harith,47.1,D,win,High,Low,High,Low,C
ONIC,Gatotkaca,50.54,C,win,Medium,High,Low,High,C
NAVI,Alice,50.78,SS,lose,Medium,High,Medium,Medium,B
NAVI,Guinevere,50.4,B,lose,High,Medium,High,High,B
NAVI,Lunox,50.24,C,lose,Medium,Medium,Medium,Medium,C
NAVI,Granger,46.27,A,lose,High,Medium,Medium,Low,A
NAVI,Chip,47.95,C,lose,Medium,Medium,Medium,Medium,C
ONIC,Yu Zhong,51.16,B,win,High,High,Medium,Medium,A
ONIC,Lancelot,47.15,SS,win,High,Low,High,Low,S
ONIC,Zhuxin,50.23,B,win,Medium,Medium,High,Medium,B
ONIC,Beatrix,48.52,D,win,Medium,Medium,Medium,Medium,C
ONIC,Kaja,53.32,C,win,Medium,Medium,Medium,Medium,C
NAVI,Arlott,48.03,A,lose,Medium,High,Medium,High,A
NAVI,Fredrinn,53.23,S,lose,Medium,High,Medium,Medium,A
NAVI,Cecilion,49.86,C,lose,Medium,Medium,Medium,Medium,C
NAVI,Harith,47.1,D,lose,High,Low,High,Low,C
NAVI,Grock,49.34,SS,lose,Medium,Medium,Medium,Medium,C
RRQ,Uranus,50.52,C,lose,Low,High,Low,Low,C
RRQ,Lancelot,47.15,SS,lose,High,Low,High,Low,S
RRQ,Zhuxin,50.23,B,lose,Medium,Medium,High,Medium,B
RRQ,Wanwan,49.53,C,lose,Medium,Medium,Medium,Medium,C
RRQ,Chou,44.18,D,lose,Medium,Medium,High,High,D
GEEK,Esmeralda,45.4,C,win,Medium,High,High,Medium,D
GEEK,Yi Sun-shin,49.98,SS,win,High,Medium,High,Medium,S
GEEK,Kimmy,52.06,B,win,High,Low,Medium,Low,A
GEEK,Cici,53.74,SS,win,High,Medium,Medium,High,S
GEEK,Ruby,53.1,B,win,Medium,High,Medium,High,B
RRQ,Arlott,48.03,A,lose,Medium,High,Medium,High,A
RRQ,Lancelot,47.15,SS,lose,High,Low,High,Low,S
RRQ,Luo Yi,47.06,D,lose,Medium,Medium,Medium,Medium,C
RRQ,Obsidia,51.96,A,lose,High,Medium,High,Medium,A
RRQ,Hilda,52.86,S,lose,Medium,Medium,Medium,Medium,C
GEEK,Phoveus,51.11,B,win,Medium,High,Medium,Medium,B
GEEK,Fanny,42.7,B,win,High,Low,High,Low,D
GEEK,Pharsa,48.95,C,win,High,Low,Medium,Medium,B
GEEK,Granger,46.27,A,win,High,Medium,Medium,Low,A
GEEK,Grock,49.34,SS,win,Medium,Medium,Medium,Medium,C
NAVI,Lapu-Lapu,50.62,A,lose,High,Medium,Medium,Medium,B
NAVI,Hayabusa,51.17,SS,lose,High,Low,High,Low,S
NAVI,Kimmy,52.06,B,lose,High,Low,Medium,Low,A
NAVI,Granger,46.27,A,lose,High,Medium,Medium,Low,A
NAVI,Kalea,47.96,B,lose,Medium,Medium,Medium,Medium,C
BTR,Hilda,52.86,S,win,Medium,Medium,Medium,Medium,C
BTR,Yi Sun-shin,49.98,SS,win,High,Medium,High,Medium,S
BTR,Zhuxin,50.23,B,win,Medium,Medium,High,Medium,B
BTR,Bane,49.79,B,win,Medium,Medium,Medium,Medium,C
BTR,Gatotkaca,50.54,C,win,Medium,High,Low,High,C
NAVI,Alice,50.78,SS,lose,Medium,High,Medium,Medium,B
NAVI,Yi Sun-shin,49.98,SS,lose,High,Medium,High,Medium,S
NAVI,Pharsa,48.95,C,lose,High,Low,Medium,Medium,B
NAVI,Granger,46.27,A,lose,High,Medium,Medium,Low,A
NAVI,Chip,47.95,C,lose,Medium,Medium,Medium,Medium,C
BTR,Phoveus,51.11,B,win,Medium,High,Medium,Medium,B
BTR,Lancelot,47.15,SS,win,High,Low,High,Low,S
BTR,Zhuxin,50.23,B,win,Medium,Medium,High,Medium,B
BTR,Wanwan,49.53,C,win,Medium,Medium,Medium,Medium,C
BTR,Kalea,47.96,B,win,Medium,Medium,Medium,Medium,C
TLID,Arlott,48.03,A,lose,Medium,High,Medium,High,A
TLID,Joy,50.01,B,lose,High,Medium,High,Low,S
TLID,Angela,52.13,SS,lose,Medium,Medium,Medium,Medium,C
TLID,Wanwan,49.53,C,lose,Medium,Medium,Medium,Medium,C
TLID,Gatotkaca,50.54,C,lose,Medium,High,Low,High,C
EVOS,Cici,53.74,SS,win,High,Medium,Medium,High,S
EVOS,Yi Sun-shin,49.98,SS,win,High,Medium,High,Medium,S
EVOS,Nana,45.06,C,win,Medium,Medium,Medium,Medium,C
EVOS,Harith,47.1,D,win,High,Low,High,Low,C
EVOS,Kalea,47.96,B,win,Medium,Medium,Medium,Medium,C
TLID,Alice,50.78,SS,lose,Medium,High,Medium,Medium,B
TLID,Yi Sun-shin,49.98,SS,lose,High,Medium,High,Medium,S
TLID,Yve,53.65,C,lose,High,Low,Medium,High,A
TLID,Minsitthar,49.15,C,lose,Medium,Medium,Medium,Medium,C
TLID,Gatotkaca,50.54,C,lose,Medium,High,Low,High,C
EVOS,Cici,53.74,SS,win,High,Medium,Medium,High,S
EVOS,Joy,50.01,B,win,High,Medium,High,Low,S
EVOS,Zhuxin,50.23,B,win,Medium,Medium,High,Medium,B
EVOS,Wanwan,49.53,C,win,Medium,Medium,Medium,Medium,C
EVOS,Kalea,47.96,B,win,Medium,Medium,Medium,Medium,C
TLID,Arlott,48.03,A,lose,Medium,High,Medium,High,A
TLID,Fredrinn,53.23,S,lose,Medium,High,Medium,Medium,A
TLID,Kimmy,52.06,B,lose,High,Low,Medium,Low,A
TLID,Granger,46.27,A,lose,High,Medium,Medium,Low,A
TLID,Hilda,52.86,S,lose,Medium,Medium,Medium,Medium,C
EVOS,Uranus,50.52,C,win,Low,High,Low,Low,C
EVOS,Yi Sun-shin,49.98,SS,win,High,Medium,High,Medium,S
EVOS,Yve,53.65,C,win,High,Low,Medium,High,A
EVOS,Obsidia,51.96,A,win,High,Medium,High,Medium,A
EVOS,Kalea,47.96,B,win,Medium,Medium,Medium,Medium,C
TLID,Arlott,48.03,A,win,Medium,High,Medium,High,A
TLID,Fredrinn,53.23,S,win,Medium,High,Medium,Medium,A
TLID,Zhuxin,50.23,B,win,Medium,Medium,High,Medium,B
TLID,Claude,46.95,D,win,High,Low,High,Low,C
TLID,Gatotkaca,50.54,C,win,Medium,High,Low,High,C
AE,Alice,50.78,SS,lose,Medium,High,Medium,Medium,B
AE,Hayabusa,51.17,SS,lose,High,Low,High,Low,S
AE,Kimmy,52.06,B,lose,High,Low,Medium,Low,A
AE,Cici,53.74,SS,lose,High,Medium,Medium,High,S
AE,Kalea,47.96,B,lose,Medium,Medium,Medium,Medium,C
TLID,Badang,50.07,C,win,Medium,Medium,Medium,Medium,C
TLID,Yi Sun-shin,49.98,SS,win,High,Medium,High,Medium,S
TLID,Pharsa,48.95,C,win,High,Low,Medium,Medium,B
TLID,Cici,53.74,SS,win,High,Medium,Medium,High,S
TLID,Gatotkaca,50.54,C,win,Medium,High,Low,High,C
AE,Uranus,50.52,C,lose,Low,High,Low,Low,C
AE,Fanny,42.7,B,lose,High,Low,High,Low,D
AE,Kimmy,52.06,B,lose,High,Low,Medium,Low,A
AE,Brody,51.87,C,lose,Medium,Medium,Medium,Medium,C
AE,Helcurt,51.44,A,lose,High,Low,Medium,Medium,A
TLID,Lapu-Lapu,50.62,A,win,High,Medium,Medium,Medium,B
TLID,Baxia,50.27,C,win,Low,High,Medium,High,B
TLID,Kimmy,52.06,B,win,High,Low,Medium,Low,A
TLID,Granger,46.27,A,win,High,Medium,Medium,Low,A
TLID,Kalea,47.96,B,win,Medium,Medium,Medium,Medium,C
AE,Terizla,51.03,C,lose,Medium,Medium,Medium,Medium,C
AE,Yi Sun-shin,49.98,SS,lose,High,Medium,High,Medium,S
AE,Novaria,47.41,D,lose,Medium,Medium,Medium,Medium,C
AE,Cici,53.74,SS,lose,High,Medium,Medium,High,S
AE,Grock,49.34,SS,lose,Medium,Medium,Medium,Medium,C
BTR,Alice,50.78,SS,win,Medium,High,Medium,Medium,B
BTR,Fanny,42.7,B,win,High,Low,High,Low,D
BTR,Zhuxin,50.23,B,win,Medium,Medium,High,Medium,B
BTR,Bruno,50.05,D,win,High,Low,Medium,Low,C
BTR,Gatotkaca,50.54,C,win,Medium,High,Low,High,C
DEWA,Phoveus,51.11,B,lose,Medium,High,Medium,Medium,B
DEWA,Fredrinn,53.23,S,lose,Medium,High,Medium,Medium,A
DEWA,Kimmy,52.06,B,lose,High,Low,Medium,Low,A
DEWA,Moskov,50.81,C,lose,Medium,Medium,Medium,Medium,C
DEWA,Franco,46.36,A,lose,Low,High,Medium,High,A
BTR,Uranus,50.52,C,win,Low,High,Low,Low,C
BTR,Yi Sun-shin,49.98,SS,win,High,Medium,High,Medium,S
BTR,Lunox,50.24,C,win,Medium,Medium,Medium,Medium,C
BTR,Ruby,53.1,B,win,Medium,High,Medium,High,B
BTR,Kalea,47.96,B,win,Medium,Medium,Medium,Medium,C
DEWA,Zhuxin,50.23,B,lose,Medium,Medium,High,Medium,B
DEWA,Lancelot,47.15,SS,lose,High,Low,High,Low,S
DEWA,Odette,52.03,C,lose,Medium,Medium,Medium,Medium,C
DEWA,Lapu-Lapu,50.62,A,lose,High,Medium,Medium,Medium,B
DEWA,Chip,47.95,C,lose,Medium,Medium,Medium,Medium,C
GEEK,Esmeralda,45.4,C,lose,Medium,High,High,Medium,D
GEEK,Yi Sun-shin,49.98,SS,lose,High,Medium,High,Medium,S
GEEK,Kimmy,52.06,B,lose,High,Low,Medium,Low,A
GEEK,Cici,53.74,SS,lose,High,Medium,Medium,High,S
GEEK,Hylos,46.92,D,lose,Low,High,Low,High,C
TLID,Uranus,50.52,C,win,Low,High,Low,Low,C
TLID,Joy,50.01,B,win,High,Medium,High,Low,S
TLID,Zhuxin,50.23,B,win,Medium,Medium,High,Medium,B
TLID,Beatrix,48.52,D,win,Medium,Medium,Medium,Medium,C
TLID,Kalea,47.96,B,win,Medium,Medium,Medium,Medium,C
GEEK,Cici,53.74,SS,lose,High,Medium,Medium,High,S
GEEK,Joy,50.01,B,lose,High,Medium,High,Low,S
GEEK,Kimmy,52.06,B,lose,High,Low,Medium,Low,A
GEEK,Granger,46.27,A,lose,High,Medium,Medium,Low,A
GEEK,Grock,49.34,SS,lose,Medium,Medium,Medium,Medium,C
TLID,Uranus,50.52,C,win,Low,High,Low,Low,C
TLID,Yi Sun-shin,49.98,SS,win,High,Medium,High,Medium,S
TLID,Yve,53.65,C,win,High,Low,Medium,High,A
TLID,Harith,47.1,D,win,High,Low,High,Low,C
TLID,Kalea,47.96,B,win,Medium,Medium,Medium,Medium,C
GEEK,Lapu-Lapu,50.62,A,lose,High,Medium,Medium,Medium,B
GEEK,Joy,50.01,B,lose,High,Medium,High,Low,S
GEEK,Kimmy,52.06,B,lose,High,Low,Medium,Low,A
GEEK,Bruno,50.05,D,lose,High,Low,Medium,Low,C
GEEK,Kalea,47.96,B,lose,Medium,Medium,Medium,Medium,C
TLID,Uranus,50.52,C,win,Low,High,Low,Low,C
TLID,Yi Sun-shin,49.98,SS,win,High,Medium,High,Medium,S
TLID,Zhuxin,50.23,B,win,Medium,Medium,High,Medium,B
TLID,Cici,53.74,SS,win,High,Medium,Medium,High,S
TLID,Khaleed,50.8,C,win,High,Medium,Medium,Low,C
AE,Arlott,48.03,A,win,Medium,High,Medium,High,A
AE,Baxia,50.27,C,win,Low,High,Medium,High,B
AE,Zhuxin,50.23,B,win,Medium,Medium,High,Medium,B
AE,Harith,47.1,D,win,High,Low,High,Low,C
AE,Franco,46.36,A,win,Low,High,Medium,High,A
RRQ,Lapu-Lapu,50.62,A,lose,High,Medium,Medium,Medium,B
RRQ,Lancelot,47.15,SS,lose,High,Low,High,Low,S
RRQ,Kimmy,52.06,B,lose,High,Low,Medium,Low,A
RRQ,Wanwan,49.53,C,lose,Medium,Medium,Medium,Medium,C
RRQ,Hylos,46.92,D,lose,Low,High,Low,High,C
AE,Phoveus,51.11,B,win,Medium,High,Medium,Medium,B
AE,Lancelot,47.15,SS,win,High,Low,High,Low,S
AE,Kimmy,52.06,B,win,High,Low,Medium,Low,A
AE,Cici,53.74,SS,win,High,Medium,Medium,High,S
AE,Hilda,52.86,S,win,Medium,Medium,Medium,Medium,C
RRQ,Arlott,48.03,A,lose,Medium,High,Medium,High,A
RRQ,Yi Sun-shin,49.98,SS,lose,High,Medium,High,Medium,S
RRQ,Yve,53.65,C,lose,High,Low,Medium,High,A
RRQ,Granger,46.27,A,lose,High,Medium,Medium,Low,A
RRQ,Tigreal,43.73,C,lose,Medium,Medium,Medium,Medium,C
BTR,Alice,50.78,SS,win,Medium,High,Medium,Medium,B
BTR,Hayabusa,51.17,SS,win,High,Low,High,Low,S
BTR,Lunox,50.24,C,win,Medium,Medium,Medium,Medium,C
BTR,Cici,53.74,SS,win,High,Medium,Medium,High,S
BTR,Kalea,47.96,B,win,Medium,Medium,Medium,Medium,C
ONIC,Phoveus,51.11,B,lose,Medium,High,Medium,Medium,B
ONIC,Yi Sun-shin,49.98,SS,lose,High,Medium,High,Medium,S
ONIC,Zhuxin,50.23,B,lose,Medium,Medium,High,Medium,B
ONIC,Harith,47.1,D,lose,High,Low,High,Low,C
ONIC,Hylos,46.92,D,lose,Low,High,Low,High,C
BTR,Hilda,52.86,S,win,Medium,Medium,Medium,Medium,C
BTR,Yi Sun-shin,49.98,SS,win,High,Medium,High,Medium,S
BTR,Lunox,50.24,C,win,Medium,Medium,Medium,Medium,C
BTR,Chou,44.18,D,win,Medium,Medium,High,High,D
BTR,Kalea,47.96,B,win,Medium,Medium,Medium,Medium,C
ONIC,Lapu-Lapu,50.62,A,lose,High,Medium,Medium,Medium,B
ONIC,Fanny,42.7,B,lose,High,Low,High,Low,D
ONIC,Kimmy,52.06,B,lose,High,Low,Medium,Low,A
ONIC,Granger,46.27,A,lose,High,Medium,Medium,Low,A
ONIC,Baxia,50.27,C,lose,Low,High,Medium,High,B
RRQ,Cici,53.74,SS,win,High,Medium,Medium,High,S
RRQ,Fredrinn,53.23,S,win,Medium,High,Medium,Medium,A
RRQ,Valentina,44.61,D,win,High,Low,High,Low,D
RRQ,Wanwan,49.53,C,win,Medium,Medium,Medium,Medium,C
RRQ,Franco,46.36,A,win,Low,High,Medium,High,A
DEWA,Alice,50.78,SS,lose,Medium,High,Medium,Medium,B
DEWA,Yi Sun-shin,49.98,SS,lose,High,Medium,High,Medium,S
DEWA,Zetian,48.62,B,lose,Medium,Medium,Medium,Medium,C
DEWA,Lapu-Lapu,50.62,A,lose,High,Medium,Medium,Medium,B
DEWA,Helcurt,51.44,A,lose,High,Low,Medium,Medium,A
RRQ,Yu Zhong,51.16,B,win,High,High,Medium,Medium,A
RRQ,Hayabusa,51.17,SS,win,High,Low,High,Low,S
RRQ,Selena,44.99,D,win,Medium,Medium,Medium,Medium,C
RRQ,Cici,53.74,SS,win,High,Medium,Medium,High,S
RRQ,Gatotkaca,50.54,C,win,Medium,High,Low,High,C
DEWA,Phoveus,51.11,B,lose,Medium,High,Medium,Medium,B
DEWA,Lancelot,47.15,SS,lose,High,Low,High,Low,S
DEWA,Lunox,50.24,C,lose,Medium,Medium,Medium,Medium,C
DEWA,Granger,46.27,A,lose,High,Medium,Medium,Low,A
DEWA,Kalea,47.96,B,lose,Medium,Medium,Medium,Medium,C
ONIC,Lapu-Lapu,50.62,A,win,High,Medium,Medium,Medium,B
ONIC,Hayabusa,51.17,SS,win,High,Low,High,Low,S
ONIC,Lunox,50.24,C,win,Medium,Medium,Medium,Medium,C
ONIC,Cici,53.74,SS,win,High,Medium,Medium,High,S
ONIC,Grock,49.34,SS,win,Medium,Medium,Medium,Medium,C
EVOS,Hilda,52.86,S,lose,Medium,Medium,Medium,Medium,C
EVOS,Yi Sun-shin,49.98,SS,lose,High,Medium,High,Medium,S
EVOS,Zhuxin,50.23,B,lose,Medium,Medium,High,Medium,B
EVOS,Bane,49.79,B,lose,Medium,Medium,Medium,Medium,C
EVOS,Chip,47.95,C,lose,Medium,Medium,Medium,Medium,C
ONIC,Cici,53.74,SS,win,High,Medium,Medium,High,S
ONIC,Lancelot,47.15,SS,win,High,Low,High,Low,S
ONIC,Lunox,50.24,C,win,Medium,Medium,Medium,Medium,C
ONIC,Esmeralda,45.4,C,win,Medium,High,High,Medium,D
ONIC,Hilda,52.86,S,win,Medium,Medium,Medium,Medium,C
EVOS,Alice,50.78,SS,lose,Medium,High,Medium,Medium,B
EVOS,Yi Sun-shin,49.98,SS,lose,High,Medium,High,Medium,S
EVOS,Pharsa,48.95,C,lose,High,Low,Medium,Medium,B
EVOS,Obsidia,51.96,A,lose,High,Medium,High,Medium,A
EVOS,Grock,49.34,SS,lose,Medium,Medium,Medium,Medium,C
NAVI,Arlott,48.03,A,win,Medium,High,Medium,High,A
NAVI,Yi Sun-shin,49.98,SS,win,High,Medium,High,Medium,S
NAVI,Lunox,50.24,C,win,Medium,Medium,Medium,Medium,C
NAVI,Ruby,53.1,B,win,Medium,High,Medium,High,B
NAVI,Gatotkaca,50.54,C,win,Medium,High,Low,High,C
GEEK,Phoveus,51.11,B,lose,Medium,High,Medium,Medium,B
GEEK,Lancelot,47.15,SS,lose,High,Low,High,Low,S
GEEK,Kimmy,52.06,B,lose,High,Low,Medium,Low,A
GEEK,Cici,53.74,SS,lose,High,Medium,Medium,High,S
GEEK,Grock,49.34,SS,lose,Medium,Medium,Medium,Medium,C
NAVI,Alice,50.78,SS,win,Medium,High,Medium,Medium,B
NAVI,Hayabusa,51.17,SS,win,High,Low,High,Low,S
NAVI,Kimmy,52.06,B,win,High,Low,Medium,Low,A
NAVI,Ruby,53.1,B,win,Medium,High,Medium,High,B
NAVI,Grock,49.34,SS,win,Medium,Medium,Medium,Medium,C
GEEK,Gloo,54.08,SS,lose,Medium,High,Medium,High,S
GEEK,Joy,50.01,B,lose,High,Medium,High,Low,S
GEEK,Zhuxin,50.23,B,lose,Medium,Medium,High,Medium,B
GEEK,Granger,46.27,A,lose,High,Medium,Medium,Low,A
GEEK,Chou,44.18,D,lose,Medium,Medium,High,High,D
BTR,Yu Zhong,51.16,B,lose,High,High,Medium,Medium,A
BTR,Fanny,42.7,B,lose,High,Low,High,Low,D
BTR,Valentina,44.61,D,lose,High,Low,High,Low,D
BTR,Granger,46.27,A,lose,High,Medium,Medium,Low,A
BTR,Grock,49.34,SS,lose,Medium,Medium,Medium,Medium,C
GEEK,Phoveus,51.11,B,win,Medium,High,Medium,Medium,B
GEEK,Yi Sun-shin,49.98,SS,win,High,Medium,High,Medium,S
GEEK,Lunox,50.24,C,win,Medium,Medium,Medium,Medium,C
GEEK,Moskov,50.81,C,win,Medium,Medium,Medium,Medium,C
GEEK,Khufra,48.37,D,win,Medium,Medium,Medium,Medium,C
BTR,Phoveus,51.11,B,lose,Medium,High,Medium,Medium,B
BTR,Fanny,42.7,B,lose,High,Low,High,Low,D
BTR,Kagura,50.03,C,lose,Medium,Medium,Medium,Medium,C
BTR,Wanwan,49.53,C,lose,Medium,Medium,Medium,Medium,C
BTR,Chou,44.18,D,lose,Medium,Medium,High,High,D
GEEK,Arlott,48.03,A,win,Medium,High,Medium,High,A
GEEK,Yi Sun-shin,49.98,SS,win,High,Medium,High,Medium,S
GEEK,Luo Yi,47.06,D,win,Medium,Medium,Medium,Medium,C
GEEK,Moskov,50.81,C,win,Medium,Medium,Medium,Medium,C
GEEK,Hylos,46.92,D,win,Low,High,Low,High,C
DEWA,Alice,50.78,SS,lose,Medium,High,Medium,Medium,B
DEWA,Yi Sun-shin,49.98,SS,lose,High,Medium,High,Medium,S
DEWA,Selena,44.99,D,lose,Medium,Medium,Medium,Medium,C
DEWA,Cici,53.74,SS,lose,High,Medium,Medium,High,S
DEWA,Gatotkaca,50.54,C,lose,Medium,High,Low,High,C
ONIC,Arlott,48.03,A,win,Medium,High,Medium,High,A
ONIC,Hayabusa,51.17,SS,win,High,Low,High,Low,S
ONIC,Zhuxin,50.23,B,win,Medium,Medium,High,Medium,B
ONIC,Esmeralda,45.4,C,win,Medium,High,High,Medium,D
ONIC,Badang,50.07,C,win,Medium,Medium,Medium,Medium,C
DEWA,Arlott,48.03,A,lose,Medium,High,Medium,High,A
DEWA,Fredrinn,53.23,S,lose,Medium,High,Medium,Medium,A
DEWA,Lunox,50.24,C,lose,Medium,Medium,Medium,Medium,C
DEWA,Claude,46.95,D,lose,High,Low,High,Low,C
DEWA,Ruby,53.1,B,lose,Medium,High,Medium,High,B
ONIC,Yu Zhong,51.16,B,win,High,High,Medium,Medium,A
ONIC,Hayabusa,51.17,SS,win,High,Low,High,Low,S
ONIC,Yve,53.65,C,win,High,Low,Medium,High,A
ONIC,Bane,49.79,B,win,Medium,Medium,Medium,Medium,C
ONIC,Gatotkaca,50.54,C,win,Medium,High,Low,High,C
EVOS,Lapu-Lapu,50.62,A,win,High,Medium,Medium,Medium,B
EVOS,X.Borg,49.94,A,win,Medium,Medium,Medium,Medium,C
EVOS,Lunox,50.24,C,win,Medium,Medium,Medium,Medium,C
EVOS,Granger,46.27,A,win,High,Medium,Medium,Low,A
EVOS,Grock,49.34,SS,win,Medium,Medium,Medium,Medium,C
NAVI,Esmeralda,45.4,C,lose,Medium,High,High,Medium,D
NAVI,Baxia,50.27,C,lose,Low,High,Medium,High,B
NAVI,Zhuxin,50.23,B,lose,Medium,Medium,High,Medium,B
NAVI,Bruno,50.05,D,lose,High,Low,Medium,Low,C
NAVI,Khaleed,50.8,C,lose,High,Medium,Medium,Low,C
EVOS,Hilda,52.86,S,win,Medium,Medium,Medium,Medium,C
EVOS,Fanny,42.7,B,win,High,Low,High,Low,D
EVOS,Yve,53.65,C,win,High,Low,Medium,High,A
EVOS,Lunox,50.24,C,win,Medium,Medium,Medium,Medium,C
EVOS,Grock,49.34,SS,win,Medium,Medium,Medium,Medium,C
NAVI,Lapu-Lapu,50.62,A,lose,High,Medium,Medium,Medium,B
NAVI,Baxia,50.27,C,lose,Low,High,Medium,High,B
NAVI,Lylia,46.99,D,lose,High,Low,High,Medium,D
NAVI,Granger,46.27,A,lose,High,Medium,Medium,Low,A
NAVI,Gatotkaca,50.54,C,lose,Medium,High,Low,High,C
EVOS,Yu Zhong,51.16,B,win,High,High,Medium,Medium,A
EVOS,Lancelot,47.15,SS,win,High,Low,High,Low,S
EVOS,Angela,52.13,SS,win,Medium,Medium,Medium,Medium,C
EVOS,Lapu-Lapu,50.62,A,win,High,Medium,Medium,Medium,B
EVOS,Grock,49.34,SS,win,Medium,Medium,Medium,Medium,C
NAVI,Alice,50.78,SS,lose,Medium,High,Medium,Medium,B
NAVI,Yi Sun-shin,49.98,SS,lose,High,Medium,High,Medium,S
NAVI,Kimmy,52.06,B,lose,High,Low,Medium,Low,A
NAVI,Granger,46.27,A,lose,High,Medium,Medium,Low,A
NAVI,Gatotkaca,50.54,C,lose,Medium,High,Low,High,C
TLID,Arlott,48.03,A,win,Medium,High,Medium,High,A
TLID,Baxia,50.27,C,win,Low,High,Medium,High,B
TLID,Zhuxin,50.23,B,win,Medium,Medium,High,Medium,B
TLID,Claude,46.95,D,win,High,Low,High,Low,C
TLID,Gatotkaca,50.54,C,win,Medium,High,Low,High,C
RRQ,Alice,50.78,SS,lose,Medium,High,Medium,Medium,B
RRQ,Fredrinn,53.23,S,lose,Medium,High,Medium,Medium,A
RRQ,Kimmy,52.06,B,lose,High,Low,Medium,Low,A
RRQ,Granger,46.27,A,lose,High,Medium,Medium,Low,A
RRQ,Chip,47.95,C,lose,Medium,Medium,Medium,Medium,C
TLID,Lapu-Lapu,50.62,A,win,High,Medium,Medium,Medium,B
TLID,Yi Sun-shin,49.98,SS,win,High,Medium,High,Medium,S
TLID,Kimmy,52.06,B,win,High,Low,Medium,Low,A
TLID,Ruby,53.1,B,win,Medium,High,Medium,High,B
TLID,Kalea,47.96,B,win,Medium,Medium,Medium,Medium,C
RRQ,Phoveus,51.11,B,lose,Medium,High,Medium,Medium,B
RRQ,Lancelot,47.15,SS,lose,High,Low,High,Low,S
RRQ,Valentina,44.61,D,lose,High,Low,High,Low,D
RRQ,Cici,53.74,SS,lose,High,Medium,Medium,High,S
RRQ,Gatotkaca,50.54,C,lose,Medium,High,Low,High,C
ONIC,Arlott,48.03,A,lose,Medium,High,Medium,High,A
ONIC,Hayabusa,51.17,SS,lose,High,Low,High,Low,S
ONIC,Angela,52.13,SS,lose,Medium,Medium,Medium,Medium,C
ONIC,Harith,47.1,D,lose,High,Low,High,Low,C
ONIC,Kalea,47.96,B,lose,Medium,Medium,Medium,Medium,C
AE,Uranus,50.52,C,win,Low,High,Low,Low,C
AE,Yi Sun-shin,49.98,SS,win,High,Medium,High,Medium,S
AE,Zhuxin,50.23,B,win,Medium,Medium,High,Medium,B
AE,Ruby,53.1,B,win,Medium,High,Medium,High,B
AE,Gatotkaca,50.54,C,win,Medium,High,Low,High,C
ONIC,Yu Zhong,51.16,B,lose,High,High,Medium,Medium,A
ONIC,Hayabusa,51.17,SS,lose,High,Low,High,Low,S
ONIC,Angela,52.13,SS,lose,Medium,Medium,Medium,Medium,C
ONIC,Esmeralda,45.4,C,lose,Medium,High,High,Medium,D
ONIC,Ruby,53.1,B,lose,Medium,High,Medium,High,B
AE,Arlott,48.03,A,win,Medium,High,Medium,High,A
AE,Yi Sun-shin,49.98,SS,win,High,Medium,High,Medium,S
AE,Lunox,50.24,C,win,Medium,Medium,Medium,Medium,C
AE,Lapu-Lapu,50.62,A,win,High,Medium,Medium,Medium,B
AE,Hilda,52.86,S,win,Medium,Medium,Medium,Medium,C
ONIC,Yu Zhong,51.16,B,lose,High,High,Medium,Medium,A
ONIC,Ling,46.52,D,lose,Medium,Medium,Medium,Medium,C
ONIC,Angela,52.13,SS,lose,Medium,Medium,Medium,Medium,C
ONIC,Ruby,53.1,B,lose,Medium,High,Medium,High,B
ONIC,Grock,49.34,SS,lose,Medium,Medium,Medium,Medium,C
AE,Gatotkaca,50.54,C,win,Medium,High,Low,High,C
AE,Yi Sun-shin,49.98,SS,win,High,Medium,High,Medium,S
AE,Kimmy,52.06,B,win,High,Low,Medium,Low,A
AE,X.Borg,49.94,A,win,Medium,Medium,Medium,Medium,C
AE,Helcurt,51.44,A,win,High,Low,Medium,Medium,A
DEWA,Arlott,48.03,A,win,Medium,High,Medium,High,A
DEWA,Hayabusa,51.17,SS,win,High,Low,High,Low,S
DEWA,Zhuxin,50.23,B,win,Medium,Medium,High,Medium,B
DEWA,Cici,53.74,SS,win,High,Medium,Medium,High,S
DEWA,Gatotkaca,50.54,C,win,Medium,High,Low,High,C
EVOS,Lapu-Lapu,50.62,A,lose,High,Medium,Medium,Medium,B
EVOS,Yi Sun-shin,49.98,SS,lose,High,Medium,High,Medium,S
EVOS,Kimmy,52.06,B,lose,High,Low,Medium,Low,A
EVOS,X.Borg,49.94,A,lose,Medium,Medium,Medium,Medium,C
EVOS,Grock,49.34,SS,lose,Medium,Medium,Medium,Medium,C
DEWA,Yu Zhong,51.16,B,win,High,High,Medium,Medium,A
DEWA,Joy,50.01,B,win,High,Medium,High,Low,S
DEWA,Zhuxin,50.23,B,win,Medium,Medium,High,Medium,B
DEWA,Wanwan,49.53,C,win,Medium,Medium,Medium,Medium,C
DEWA,Grock,49.34,SS,win,Medium,Medium,Medium,Medium,C
EVOS,Esmeralda,45.4,C,lose,Medium,High,High,Medium,D
EVOS,Lancelot,47.15,SS,lose,High,Low,High,Low,S
EVOS,Angela,52.13,SS,lose,Medium,Medium,Medium,Medium,C
EVOS,Claude,46.95,D,lose,High,Low,High,Low,C
EVOS,Badang,50.07,C,lose,Medium,Medium,Medium,Medium,C
AE,Yu Zhong,51.16,B,lose,High,High,Medium,Medium,A
AE,Yi Sun-shin,49.98,SS,lose,High,Medium,High,Medium,S
AE,Zhuxin,50.23,B,lose,Medium,Medium,High,Medium,B
AE,Lapu-Lapu,50.62,A,lose,High,Medium,Medium,Medium,B
AE,Gatotkaca,50.54,C,lose,Medium,High,Low,High,C
BTR,Alice,50.78,SS,win,Medium,High,Medium,Medium,B
BTR,Hayabusa,51.17,SS,win,High,Low,High,Low,S
BTR,Kimmy,52.06,B,win,High,Low,Medium,Low,A
BTR,X.Borg,49.94,A,win,Medium,Medium,Medium,Medium,C
BTR,Kalea,47.96,B,win,Medium,Medium,Medium,Medium,C
AE,Alice,50.78,SS,lose,Medium,High,Medium,Medium,B
AE,Lancelot,47.15,SS,lose,High,Low,High,Low,S
AE,Zhuxin,50.23,B,lose,Medium,Medium,High,Medium,B
AE,Brody,51.87,C,lose,Medium,Medium,Medium,Medium,C
AE,Khaleed,50.8,C,lose,High,Medium,Medium,Low,C
BTR,Uranus,50.52,C,win,Low,High,Low,Low,C
BTR,Yi Sun-shin,49.98,SS,win,High,Medium,High,Medium,S
BTR,Yve,53.65,C,win,High,Low,Medium,High,A
BTR,Esmeralda,45.4,C,win,Medium,High,High,Medium,D
BTR,Gatotkaca,50.54,C,win,Medium,High,Low,High,C
AE,Phoveus,51.11,B,lose,Medium,High,Medium,Medium,B
AE,Lancelot,47.15,SS,lose,High,Low,High,Low,S
AE,Zhuxin,50.23,B,lose,Medium,Medium,High,Medium,B
AE,Natan,52.23,A,lose,Medium,Medium,Medium,Medium,C
AE,Gatotkaca,50.54,C,lose,Medium,High,Low,High,C
BTR,Uranus,50.52,C,win,Low,High,Low,Low,C
BTR,Yi Sun-shin,49.98,SS,win,High,Medium,High,Medium,S
BTR,Yve,53.65,C,win,High,Low,Medium,High,A
BTR,Ruby,53.1,B,win,Medium,High,Medium,High,B
BTR,Kalea,47.96,B,win,Medium,Medium,Medium,Medium,C
RRQ,Alice,50.78,SS,win,Medium,High,Medium,Medium,B
RRQ,Fredrinn,53.23,S,win,Medium,High,Medium,Medium,A
RRQ,Kimmy,52.06,B,win,High,Low,Medium,Low,A
RRQ,Karrie,48.18,D,win,Medium,Medium,Medium,Medium,C
RRQ,Kalea,47.96,B,win,Medium,Medium,Medium,Medium,C
NAVI,Yu Zhong,51.16,B,lose,High,High,Medium,Medium,A
NAVI,Lancelot,47.15,SS,lose,High,Low,High,Low,S
NAVI,Angela,52.13,SS,lose,Medium,Medium,Medium,Medium,C
NAVI,Esmeralda,45.4,C,lose,Medium,High,High,Medium,D
NAVI,Gatotkaca,50.54,C,lose,Medium,High,Low,High,C
RRQ,Cici,53.74,SS,win,High,Medium,Medium,High,S
RRQ,Fredrinn,53.23,S,win,Medium,High,Medium,Medium,A
RRQ,Pharsa,48.95,C,win,High,Low,Medium,Medium,B
RRQ,Granger,46.27,A,win,High,Medium,Medium,Low,A
RRQ,Hylos,46.92,D,win,Low,High,Low,High,C
NAVI,Uranus,50.52,C,lose,Low,High,Low,Low,C
NAVI,Yi Sun-shin,49.98,SS,lose,High,Medium,High,Medium,S
NAVI,Valentina,44.61,D,lose,High,Low,High,Low,D
NAVI,Lapu-Lapu,50.62,A,lose,High,Medium,Medium,Medium,B
NAVI,Gatotkaca,50.54,C,lose,Medium,High,Low,High,C
RRQ,Alice,50.78,SS,win,Medium,High,Medium,Medium,B
RRQ,Yi Sun-shin,49.98,SS,win,High,Medium,High,Medium,S
RRQ,Novaria,47.41,D,win,Medium,Medium,Medium,Medium,C
RRQ,Cici,53.74,SS,win,High,Medium,Medium,High,S
RRQ,Jawhead,48.0,D,win,Medium,Medium,Medium,Medium,C
NAVI,Arlott,48.03,A,lose,Medium,High,Medium,High,A
NAVI,Fredrinn,53.23,S,lose,Medium,High,Medium,Medium,A
NAVI,Lunox,50.24,C,lose,Medium,Medium,Medium,Medium,C
NAVI,Granger,46.27,A,lose,High,Medium,Medium,Low,A
NAVI,Grock,49.34,SS,lose,Medium,Medium,Medium,Medium,C
